-- phpMyAdmin SQL Dump
-- version 5.2.1
-- https://www.phpmyadmin.net/
--
-- Hôte : 127.0.0.1:3306
-- Généré le : lun. 02 déc. 2024 à 23:20
-- Version du serveur : 8.3.0
-- Version de PHP : 8.2.18

SET SQL_MODE = "NO_AUTO_VALUE_ON_ZERO";
START TRANSACTION;
SET time_zone = "+00:00";


/*!40101 SET @OLD_CHARACTER_SET_CLIENT=@@CHARACTER_SET_CLIENT */;
/*!40101 SET @OLD_CHARACTER_SET_RESULTS=@@CHARACTER_SET_RESULTS */;
/*!40101 SET @OLD_COLLATION_CONNECTION=@@COLLATION_CONNECTION */;
/*!40101 SET NAMES utf8mb4 */;

--
-- Base de données : `biblio_db`
--

-- --------------------------------------------------------

--
-- Structure de la table `auteur`
--

DROP TABLE IF EXISTS `auteur`;
CREATE TABLE IF NOT EXISTS `auteur` (
  `id` int NOT NULL AUTO_INCREMENT,
  `nom` varchar(100) NOT NULL,
  `biographie` text,
  `date_de_naissance` date DEFAULT NULL,
  PRIMARY KEY (`id`)
) ENGINE=InnoDB AUTO_INCREMENT=1022 DEFAULT CHARSET=utf8mb4 COLLATE=utf8mb4_0900_ai_ci;

--
-- Déchargement des données de la table `auteur`
--

INSERT INTO `auteur` (`id`, `nom`, `biographie`, `date_de_naissance`) VALUES
(1005, 'Joanne Rowling', 'Joanne Rowling (born 31 July 1965), known by her pen name J. K. Rowling, is a British author and philanthropist. She is the author of Harry Potter, a seven-volume fantasy novel series published from 1997 to 2007. The series has sold over 600 million copies, been translated into 84 languages, and spawned a global media franchise including films and video games. The Casual Vacancy (2012) was her first novel for adults. She writes Cormoran Strike, an ongoing crime fiction series, under the alias Robert Galbraith.', '1965-07-31'),
(1006, 'Marcus Aurelius', 'Marcus Aurelius Antoninus (26 April 121 – 17 March 180) was Roman emperor from 161 to 180 and a Stoic philosopher. He was a member of the Nerva–Antonine dynasty, the last of the rulers later known as the Five Good Emperors and the last emperor of the Pax Romana, an age of relative peace, calm, and stability for the Roman Empire lasting from 27 BC to 180 AD. He served as Roman consul in 140, 145, and 161.', '0121-04-26'),
(1007, 'Colleen Hoover', 'Margaret Colleen Hoover (born December 11, 1979) is an American author who writes primarily novels in the romance and young adult fiction genres.[2][1] She is best known for her 2016 romance novel, It Ends with Us. Many of her works were self-published, before they were picked up by a publishing house. As of October 2022, Hoover has sold approximately 20 million books.[3] She was named one of the 100 most influential people in the world by Time magazine in 2023.[', '1979-12-11'),
(1008, 'James Clear', 'James Clear (born 1986) is an American writer. He is best known for his book Atomic Habits. Raised in Hamilton, Ohio, Clear received his degree in biomechanics from Denison University in 2008, where he also served as captain of the baseball team.During his time at university he took part at the St. Gallen Symposium twice and won the Global Essay Competition in his second year attending.', '1986-01-01'),
(1011, 'Harper Lee', 'Harper Lee was an American novelist, widely known for \"To Kill a Mockingbird,\" which won the Pulitzer Prize.', '1926-04-28'),
(1012, 'George Orwell', 'George Orwell was an English novelist, essayist, and critic, famous for his works \"1984\" and \"Animal Farm.\"', '1903-06-25'),
(1013, 'Jane Austen', 'Jane Austen was an English novelist known for her romantic fiction, including \"Pride and Prejudice\" and \"Sense and Sensibility.\"', '1775-12-16'),
(1014, 'F. Scott Fitzgerald', 'F. Scott Fitzgerald was an American novelist, widely regarded as one of the greatest American writers of the 20th century.', '1896-09-24'),
(1015, 'Herman Melville', 'Herman Melville was an American novelist, short story writer, and poet of the American Renaissance period.', '1819-08-01'),
(1016, 'J.D. Salinger', 'J.D. Salinger was an American writer best known for his novel \"The Catcher in the Rye.\"', '1919-01-01'),
(1017, 'J.R.R. Tolkien', 'J.R.R. Tolkien was an English writer, poet, and academic, best known for \"The Hobbit\" and \"The Lord of the Rings.\"', '1892-01-03'),
(1018, 'Leo Tolstoy', 'Leo Tolstoy was a Russian writer and philosopher, renowned for his novels \"War and Peace\" and \"Anna Karenina.\"', '1828-09-09'),
(1019, 'Homer', 'Homer was an ancient Greek poet traditionally said to be the author of the epic poems ', '2024-12-21'),
(1020, 'Dante Alighieri', 'Dante was an Italian poet, writer, and philosopher, best known for his epic poem \"The Divine Comedy.\"', '1265-05-21');

-- --------------------------------------------------------

--
-- Structure de la table `emprunt`
--

DROP TABLE IF EXISTS `emprunt`;
CREATE TABLE IF NOT EXISTS `emprunt` (
  `id` int NOT NULL AUTO_INCREMENT,
  `livre_id` int DEFAULT NULL,
  `utilisateur_id` int DEFAULT NULL,
  `date_emprunt` date NOT NULL,
  `date_retour` date DEFAULT NULL,
  `returned` tinyint(1) DEFAULT '0',
  PRIMARY KEY (`id`),
  KEY `livre_id` (`livre_id`),
  KEY `utilisateur_id` (`utilisateur_id`)
) ENGINE=InnoDB AUTO_INCREMENT=29 DEFAULT CHARSET=utf8mb4 COLLATE=utf8mb4_0900_ai_ci;

--
-- Déchargement des données de la table `emprunt`
--

INSERT INTO `emprunt` (`id`, `livre_id`, `utilisateur_id`, `date_emprunt`, `date_retour`, `returned`) VALUES
(15, 114, 1, '2024-11-29', '2024-12-02', 1),
(16, 111, 1, '2024-11-30', '2024-11-30', 1),
(17, 110, 1, '2024-11-30', '2024-11-30', 1),
(18, 113, 1, '2024-11-30', '2024-12-02', 1),
(19, 114, 1, '2024-11-30', '2024-12-02', 1),
(20, 112, 1, '2024-11-30', '2024-12-02', 1),
(21, 113, 1, '2024-12-02', '2024-12-02', 1),
(22, 114, 1, '2024-12-02', '2024-12-02', 1),
(23, 110, 13, '2024-12-02', '2024-12-02', 1),
(24, 110, 6, '2024-12-02', '2024-12-02', 1),
(25, 111, 6, '2024-12-02', '2024-12-02', 1),
(26, 110, 6, '2024-12-02', '2024-12-16', 0),
(27, 112, 6, '2024-12-02', '2024-12-16', 0),
(28, 111, 6, '2024-12-02', '2024-12-16', 0);

-- --------------------------------------------------------

--
-- Structure de la table `genre`
--

DROP TABLE IF EXISTS `genre`;
CREATE TABLE IF NOT EXISTS `genre` (
  `id` int NOT NULL AUTO_INCREMENT,
  `nom` varchar(50) NOT NULL,
  `description` text,
  PRIMARY KEY (`id`)
) ENGINE=InnoDB AUTO_INCREMENT=1011 DEFAULT CHARSET=utf8mb4 COLLATE=utf8mb4_0900_ai_ci;

--
-- Déchargement des données de la table `genre`
--

INSERT INTO `genre` (`id`, `nom`, `description`) VALUES
(1003, 'Action', 'The action is what, specifically, the character does in order to achieve the goal (rescue the princess, steal the diamond). In many cases, this action takes place in a central scene. Central not only in importance, but central in the sense of being in the middle.'),
(1004, 'Self-help', 'A self-help book is one that is written with the intention to instruct its readers on solving personal problems. The books take their name from Self-Help, but are also known and classified under \"self-improvement\", a term that is a modernized version of self-help. Self-help books moved from a niche position to being a postmodern cultural phenomenon in the late twentieth century.'),
(1006, 'Romance', 'The romance genre is often considered one of the most popular book genres, particularly in terms of sales and readership. In the United States, romance novels consistently rank among the top-selling categories, frequently outselling other genres like mystery, science fiction, and fantasy.'),
(1007, 'Fantasy', 'Fantasy literature is literature set in an imaginary universe, often but not always without any locations, events, or people from the real world. Magic, the supernatural and magical creatures are common in many of these imaginary worlds. Fantasy literature may be directed at both children and adults.\r\n\r\n'),
(1010, 'philo', 'jdsvbejvc');

-- --------------------------------------------------------

--
-- Structure de la table `livre`
--

DROP TABLE IF EXISTS `livre`;
CREATE TABLE IF NOT EXISTS `livre` (
  `id` int NOT NULL AUTO_INCREMENT,
  `titre` varchar(255) NOT NULL,
  `auteur_id` int DEFAULT NULL,
  `genre_id` int DEFAULT NULL,
  `ISBN` varchar(20) DEFAULT NULL,
  `disponible` tinyint(1) DEFAULT '1',
  `description` text,
  `image` varchar(255) DEFAULT NULL,
  PRIMARY KEY (`id`),
  UNIQUE KEY `ISBN` (`ISBN`),
  KEY `auteur_id` (`auteur_id`),
  KEY `genre_id` (`genre_id`)
) ENGINE=InnoDB AUTO_INCREMENT=125 DEFAULT CHARSET=utf8mb4 COLLATE=utf8mb4_0900_ai_ci;

--
-- Déchargement des données de la table `livre`
--

INSERT INTO `livre` (`id`, `titre`, `auteur_id`, `genre_id`, `ISBN`, `disponible`, `description`, `image`) VALUES
(110, 'Harry Potter', 1005, 1007, '112214', 0, 'Harry Potter is a series of seven fantasy novels written by British author J. K. Rowling. The novels chronicle the lives of a young wizard, Harry Potter, and his friends, Hermione Granger and Ron Weasley, all of whom are students at Hogwarts School of Witchcraft and Wizardry. The main story arc concerns Harrys conflict with Lord Voldemort, a dark wizard who intends to become immortal, overthrow the wizard governing body known as the Ministry of Magic, and subjugate all wizards and Muggles.', 'https://res.cloudinary.com/bloomsbury-atlas/image/upload/w_360,c_scale,dpr_1.5/jackets/9781408855652.jpg'),
(111, 'Meditations', 1006, NULL, '112216', 0, 'Meditations is a series of personal writings by Marcus Aurelius, Roman Emperor from CE 161 to 180, recording his private notes to himself and ideas on Stoic philosophy.', 'https://fcs-img.s3.amazonaws.com/1ebda62b-7f02-4fab-8e39-a5e6016ae6b4/04278914-b119-4c38-a6ed-ad63012b67a4/XL.jpg'),
(112, 'It Ends with Us', 1007, 1006, '333422', 0, 'It Ends with Us is a romance novel by Colleen Hoover, published by Atria Books on August 2, 2016. Based on the relationship between her mother and father, Hoover described it as \"the hardest book Ive ever written\". It explores themes of domestic violence and emotional abuse.', 'https://upload.wikimedia.org/wikipedia/en/e/e4/It_Ends_with_Us_%28Colleen_Hoover%29.png'),
(113, 'Atomic Habits', 1008, 1004, '333559', 1, 'Building on exchanges he had with readers of his e-mail list, in 2018 Clear published his book Atomic Habits on how to build tiny, frequent habits that have a large beneficial and cumulative effect on ones life. According to the intro of his book, he had to build such habits when rehabilitating from a severe cranial injury that he suffered when playing baseball.', 'https://images.epagine.fr/831/9781847941831_1_75.jpg'),
(114, 'good habbits', 1008, 1004, '9948834', 1, 'Improve the way you work--and feel--by forming better habits.\r\n\r\nWe all have habits. Some of them we have carefully established; others we may have simply fallen into. Some help us get our work done; others hold us back.\r\n\r\nThis book explores how to change your behavior to break counterproductive tendencies, combat everyday stressors, and ultimately reach your goals at work and in life.', 'https://cdn11.bigcommerce.com/s-yneuaokjib/images/stencil/original/products/84648/273245/10633_500__62347.1710771153.png'),
(115, 'To Kill a Mockingbird', 1011, 1007, '9780061120084', 1, 'A novel about racism and injustice in the Deep South.', 'https://cdn2.penguin.com.au/covers/original/9781784752637.jpg'),
(116, '1984', 1012, 1007, '9780451524935', 1, 'A dystopian novel that explores the dangers of totalitarianism.', 'https://m.media-amazon.com/images/I/7180qjGSgDL._SL1360_.jpg'),
(117, 'Pride and Prejudice', 1013, 1007, '9781503290563', 1, 'A romantic novel of manners that critiques societal expectations.', 'https://m.media-amazon.com/images/I/812wzoJvRLL._SL1396_.jpg'),
(118, 'The Great Gatsby', 1014, 1007, '9780743273565', 1, 'A story of ambition, love, and the American Dream.', 'https://m.media-amazon.com/images/I/81QuEGw8VPL._SL1500_.jpg'),
(119, 'Moby Dick', 1015, 1007, '9781503280786', 1, 'An epic tale of obsession and revenge on the high seas.', 'https://m.media-amazon.com/images/I/71d5wo+-MuL._SL1200_.jpg'),
(120, 'The Catcher in the Rye', 1016, 1007, '9780316769488', 1, 'A story of teenage rebellion and alienation.', 'https://npr.brightspotcdn.com/dims4/default/48e622e/2147483647/strip/true/crop/363x574+0+0/resize/1760x2784!/format/webp/quality/90/?url=http%3A%2F%2Fnpr-brightspot.s3.amazonaws.com%2Flegacy%2Fsites%2Fwkar%2Ffiles%2Fcatcher_in_the_rye_cover.png'),
(121, 'The Hobbit', 1017, 1007, '9780547928227', 1, 'A fantasy adventure about courage and friendship.', 'https://m.media-amazon.com/images/I/712cDO7d73L._SL1500_.jpg'),
(122, 'War and Peace', 1018, 1007, '9781853260629', 1, 'A historical novel set during the Napoleonic Wars.', 'https://m.media-amazon.com/images/I/81W6BFaJJWL._SL1500_.jpg'),
(124, 'The Divine Comedy', 1020, 1007, '9780140448955', 1, 'A journey through Hell, Purgatory, and Paradise.', 'https://m.media-amazon.com/images/I/51i-9SGWr-L._SY445_SX342_.jpg');

-- --------------------------------------------------------

--
-- Structure de la table `utilisateur`
--

DROP TABLE IF EXISTS `utilisateur`;
CREATE TABLE IF NOT EXISTS `utilisateur` (
  `id` int NOT NULL AUTO_INCREMENT,
  `nom` varchar(100) NOT NULL,
  `email` varchar(100) NOT NULL,
  `telephone` varchar(20) DEFAULT NULL,
  `historique_emprunts` text,
  `password` varchar(255) DEFAULT NULL,
  `profile_picture` longblob,
  `role` varchar(255) NOT NULL DEFAULT 'member',
  PRIMARY KEY (`id`),
  UNIQUE KEY `email` (`email`)
) ENGINE=InnoDB AUTO_INCREMENT=14 DEFAULT CHARSET=utf8mb4 COLLATE=utf8mb4_0900_ai_ci;

--
-- Déchargement des données de la table `utilisateur`
--

INSERT INTO `utilisateur` (`id`, `nom`, `email`, `telephone`, `historique_emprunts`, `password`, `profile_picture`, `role`) VALUES
(1, 'amen ameri', 'esta3969@gmail.com', '22663409', NULL, 'root', 0xffd8ffe000104a46494600010101004800480000ffdb00430006040506050406060506070706080a100a0a09090a140e0f0c1017141818171416161a1d251f1a1b231c1616202c20232627292a29191f2d302d283025282928ffdb0043010707070a080a130a0a13281a161a2828282828282828282828282828282828282828282828282828282828282828282828282828282828282828282828282828ffc200110802e002e003012200021101031101ffc4001c0001000105010100000000000000000000000102040506070308ffc4001b01010002030101000000000000000000000001040203050607ffda000c03010002100310000001ea8000000000000000000000000000000000000000000000000000000000000000000000000000000000000000000000000029b1320c2f9233ed5fccdb1a8546dad4eb3696b326cad7bd4ce313ee9bf79fa000000000000000000000000000000000000000000000000000061f088dc717a95d97f631ef11637575ec59dbe66e6582ab398d86af7bcaf7fbdcfc9e4f52dfb19c7334a97b0d56671b195c5d61fc119b60bd539af7c3668bcf4c6d29ca2c2f0ac4800000000000000000000000000000000000000001e47af96b58146c583f7f2d9a67d713657f9d99b2b29b35335b473eb1a57faab42a399dce81472fb3d577a868b89d7f3d1e5bee87bcf5fcd4e5719afebb7d1bdf9dcf1bd4f4bbae52cb575b72ac8e7a3a1b4ec9ecad9ac3e52e33ab80baca525f4ead4276ab8c3e5e170b3f64fb090000000000000000000000000000000000002319a5a362d77d3d3668afcf1569d2e55cf8e2ec77e9d85ad30cf659c05fedd59144efad6fafed3454bf86f4c7de799f7be583bfc7ede755bae97b9f5bcedd6b7b1ebd85bb99381ee200aa9924898ab238d961b66779b4eea3d55cfb63dfcdbec66c356da56b9ed7b17196e5eb86cc44fabc7d65200000000000000000000000000000001685ce9f8a89c6cb2d6d88e8f2ef70f8bd7f2c32d8ba1ceea4a186c902624f6cd60276e8debd343cff004f959ec16726c55d1bc73b82e1fa1af72d3771b946ef5ed8f5ac2d5ea1e7fdc0990901026613124cd15177b2ea15675ba7d7ce76ab3c7bab2cfc6ea390f5d2b2d196c555289a8480000000000000000000000000006be5d68be79ecf55a637c3cbb3c18d57d70b4ef873fa64489809813312242a89179b4e955daa5be6ab9bbeea72341da30b97e775335adec1806fbc4bcffb8a66524820122131284a64a928aaba666329b7f3ef5db4ba363ec33f6b8980dcf0faf4ebdf2ab2bc8ca4480000000000000000000000006b034da739b7457aed14f67833e3eb6bb35e9d131e77d40024848898a8025124a02a892adcb4ef6b54f69f1bfc774f917985c8d8f2bd15d25c4f6289945332952909890986335d354a662a42a822b45530cc61d961d1bd340dd2df0713b25180ceaeef386ccb20000000000000000000000061cb5d1e8cdedd0d7e23b7c0944ecd4b3b1d7a874bdeaf3bca3d1f29bfbbb157076dbbcedd3a2b60c0d0e8d3313ab7082669904928926bf3f433177af666f737d66c361e7f7ece6ebcb9fe87ca262324c4a2131299813022aaa8aa62a9a65154c4a26684bd2af3ad13ef6f54c6f57dcf772b5c2b2cdd580db4b786232f19048000000000000000000525af31bdcb65aedf5cf5f0ee79f227768944274db74f9cf5115533133348f4d875a9dfa37cc55be7bafc4d057f61c3f4131318e490122604d74c955dda271d8faef3ae884a25145a5e9960f1bb735d8e798ceabe1aaef316e7afe9e86308d76aaaa8a895333154d308aa098f49f3a8aeaf3ad15fa7926372caf3ede2df070bb7d8eb3b29f43797ab2000000000000000000691b16828bdb1bbc1f5f88632cf66bcfb1793dbaaa98c7ce3ab44e43cf7a6c73a369463930241b76a37d66a66359ddf48dda4950e8c1244a213313202a9a2a379e93cdba4ce31231020491304031babef54ebb7cb2bdfb50abdbc78d56e602669aa6266211e9579d47a44115ddd9a71e874ea5ba5df3bafef7a8fbe5a7670900000000000000053569c626aa309d0e5508b3e8f3b5ab73cff00a49b9b5933b6162d9a9796756addf4a5380d8b2c340e63f46e2a27e7f6670f1944a4dcf51cee33a3ccc74cc73ba600900944912937be8fa06ff38a24c408522a8989224444c111541ac6afd3b1b5faba0c5d5ad5edccd33135299989afca51eb3e727a299988dab56af2d1d1b5ccc5cddf3994bbd0b7d8909000000000000016fca762d77669f5b09f2eef9ef4c1e735caf6b15071bb898924133036aed9f3575f98dd89cb0b3e21def0f8e5c0dede51964fdf13b5f439ba8d15d3cfe9444c120989094898a8e97baea9b64e314f971f36dd2b128ca6130ed19bc6e4f2c22098804260805b68bd0fc75dce66c8e3a8fa394446535535cc2aa65154d02babce5193de39aedd6397eb97a75cb1c8e84a6a64000000000000b6b9d1cd4efae30dd0e551e7e9637e8e435dd870da7760071bb80548133124faf90ebfbbfcd5b9cc7628c7e4670e55a0774e1919ce7b013b74e571d95b2cf5d8c4ab5a894912bccb1b3ab67ca5fe7e8d3bbe130cba0ec583a295fd0755963933b98ea331a45cedc9c7cbd26116ba3ecfc5d975bd8b805d44f78699b9ce3098988078e81d12d755de70f7f0a5e8d55330aa0984854813756863d22c71bb15ff0033e3b3739e8ac244c80000000001471fdf74f6379af5dd9f77cfd58cc96231d996c4e4b54d163c472faa026244c49334c95207aed1a94a3af726f3994c646e37d7c2ce6a898c42eadb458c8df607d37d6d9a7558dfa32d8ca22a5c9b8b79d7b3ab60737a844eab756bb4c4f5af532c0110498de77d5613f3ff009774e4519e23a3739f4877e596433d74448a62462743ea3a957ebeb7254ed04c4844a24149efd0f9aedfbf99eb9af3d6ecf1ba38640000000002dce73e58bbeb54b1b075f8d38cc978ebdb6f99c1756e4f5f9ad8f5f73fa5c17cbbeea59e1cba6f6cb6e94c4c93124a0548944e431fb45aab9185b76b85734d878e9dd380ddf51a57ed52e774a2725b81cf1db33d31c0ecfb068d13d1b9c75cd011cdb66d63d997d08b5b99c091102008c76447cfacb61f1dbd3b74d077ecb5a2626222a823cfd0738b5ddb49a1e9e2518594c255111108aa4bfb0963d2f55cdfadff002d9ebdd2776890900000000d576ae6c8c7e37298aeaf1c2e524c552b1eadcc7a5f97f575cc2bd9905b731eb119e1c05bbe9166a065124898b89c6f764f3f4eef9f515ceed1676f95c6e8b192d6767d2f4d8cc74dd6ba8727ad124e2b0f7e27195a75fd577a4acaf48f9f3c7a8f2e8cf6eeb5f3be711dbe34bca4c6c116d72884910591c671b2c76f4edd30b9acb54094449111544a9e7dd0709a6fe9228fa344a42112889899a46cbb4f3ce876b83adf46e75be6da57212000000038cf55e52c7218abfb0eef9f21b35cd9dee2f458ca6efabdf79df4bb5cc4e9df28925124e9bb8cce3c0a8ed3cc6cd6c2a6ad9ae76bf2c875f8a92ef3c4a18dc963b5eebbd436bd56874aefb07139e7f4be89d7b8aca33f86f1caebb3d3760e57d035daca0b3ca68fbc4c4fcf5e7deb4c8cb9c4e77029bbefbc37ba4c52989c239866f96e39ce5315b2c4f606b1b0e7afd42201115414d35c279b5b6cdacf3fd540c37a2aa661084082ae87cef70ddcfcad7ef86b7c2df1131980000001aaea598c467ab15134f7bcf2609a963bb727b1e9a9f48b0e575e9c8ea1b7e3926271ce662113302a40d6f09d01b74f326cdb55fe772e9e9b6f961cebd3a5571968563d2f4add5f5fd6765d6a6512a57e131067707b357ead7efe0a7dde9b79cd3a2f43cc7b4c4eea210e59a465b131b3a76f9abed338d34d7138f1ad6fb7ea18e7a036ec144e3ebf3276fe81c46b9c7bfb4addb2c222a845133063b9e753e6757b76f30add744914c4a6104273b82bdcf5742c06c1afdff2dd066dae63600000001cc68b6bab34f0712ec7160889c7f5ad177bf33ea84d7b202244a3166558cc913304c8307e9989cb0e677bd0272c74ddd28ab0ce7017d619ebd235cdc351e973294c68b10982e361c4e5a8fa10d1d265f1154e1d56ad2777e8f9513b2b70ec2f4ae6b8ecddfaa7ce9b523b039f5d4e3bb46a9746c1388bb2d74ce8f27cff00e5dc78dc6767d4796dc1de96f7396aa53053a46f1aceabfa80a3e8d1302108026699474dc5dc5c747c9e4b2daa6d49a82400001e671cca61b2b779d8a1d4e5458642deadce8b7879af4e0994480785bdc7b809482625098145589cd4c6271d95c94e3ab62f7ec74c6030bd12e26383476dc26dd5cb5b7e1b66bb9b9f7f1e77ac8898c76ccd3309dbb509cf4f589d7f60e9794a3917614ebf9cdd8f5f8cb9e377b44ea4d8ed0c445edaa6362d6aa88ee561cafb7e58f039ce60b1cba7ee9cc7a7658426271a70d9ab1c777364c73bd60810844a24098de72f80cfdef338ddcf48ddf2d550480000b4bbc71cabda88e8f26dc7439f6fb169dd6b87def595b733ad720900004c307319d9c079ecd59cf2c3d39e3b3e335ecdebcf336191c2e19e53da9aa32944933124a30b318bcfd86c372862344ea5afe9e96951314bd0262625304d7d079e7b6da9d4e6c6fba3e5513138c448a5511109358e45f41f288cf4ee9dcc7a344d1cfba5f34372ea3cdba54e34a62718f3f584f27aa2799eca29aa944260040236dd9757da2f79cc3eefa3ef19d7ac240000633278d472da65d2e578c4dadda3574fd3f70f2feb27117571af6fa8894c09248d46e751ddaeff0067d4ad37eaea198e35eb3afb14f2fcce586efade63c986b1694e2b5eddeeff008fed5a2c6ed3a95d6396c6c2dcc4ddebd6fb7d8abe8a9bb45330353d57abe8f4fbd8092af64319095ef47e5796b1cee8b14d77fccc26110981130472cea7c8e32d4ba972deb51962f9def7a1a7a1f43d137a9d68989844d29e54a6ae67b28a6aa50810898131331b4ed3ac6cf77ce61379d1b78cebfa8480000b2bdf038edc58e4fa3cab1c2e6b11bb574fbe3cd7a7b6f1b2ca6517130c72944920d5715bb5366b5356371eb17ba3efdef19e9d56cf6738e9daff00936d19aa99455e9e7e87bdcdbfb4e3735f95796357a331d2e5eb3567759a97321ed82a6b5bd9fdb4fa6276cf4d5f66a3e8aa1a3a312425099d837be49eb6b8bd55c36e6e70bb4c721ba3aa4736bb37ee73bc6351cd7a4b369e7ba4f76f634cdca62610223c7db1f19f36aa1ccf611131310984226244c236ecee1f62bbe7356e8ba0ef99d7f609000011238978e49bea627df56d8272ea898e4f5f0de9e37d9ebbe186c9448989271f79eb961929d5f31768d9e2b718969fe7bab1d9f36c758e52c62624afd3cbd51ed736971947bfaf8a71b8ce6b3b375f8cb1be59a9a5f9ecdacf0fd0c5331a37c5ed94465b9460f3b43d2c4c34dc4c266602d357dd31573818022cf2a66113dbf92f64e239616bddb847d00726d673d818cbb2ec781cf65ad13088c2e6b55c2d6a2873fd4a1082610265011bce6b1f7f7fcbe037cd177c9d75864000001caeabcb1b14f03acedbe17e86c9b4f0cea9c1f439fb1be68df21298900c26730f699e1b263b20c32d6a8da1b30d3e770f0cf0bcc2eab9cdf5b51b5e93eb8e7ca3c3b755ab6f0c768f2dda790cf66b7cf571ed8f77d12e53baaa97638b5e0b3969a2c69f199cbf07d0e9cda2de275fcef85b63b3645bfbf3fd3c938581112aa9898c1e2374d6eff9cc793ba87d07f3f7d09f3c4e13f447cf7f451c2311796519775cb58dee5ae084343df39657eaf84c2a77908402124c41728e8f5d56dd1f2765b9eafb5465212000001a6ebdbbf38cb578d397c4f7bcfd9e0b68c7d3bdd1eff9175de0fa191af6260481abed098e65b0e639e6ed3befaf1b99c7b5dff07d9b1cfa9c5864756d3ceb89998b0962368c067af73aa9a672c27059c1c5eeb3789b9532934cf5f8961d1f48b7e6753a8bcfd79dd2554c93a66e6d763934e6b0bcdf5811b222613129616b46cbd03a5e5adf8577e6ca9c13be2947cf1e7df6d1964bd66270820c5f39da357a5e91069bc892208248989cd6136eceaecd85cd606f79cdb3296f71190240000028e2fdaf95ce3e986c9633b3c3822c57c06e987d778ddbedaf1f7e47621248002624b1c5ec498d7f1db92639c6c1b3ccc515c4e19ce97b9e85bb4ef955136e8d6a64aa691cff0053ce6ac9dd671594eff9d989b7cb0bde8bccf62e3f6b6b9a66ada99814f3ce8de1aaef2d5dda737d4c11194a2a2363d763669eb4d536be97948196844c0898229af5bc76e9d6e73bd68021109a4942627a1685d42c72630d97c7d8e46dded4d4cc0000000693bb62d1ce6c2323d1e5e360e8f3a715949d7b31bd578c5cf9ff0045d8daf6c356e0639012813388b5cb1d850c72998922435ef6c26e77294cd33b745534544a0722c1eccddab59bcbcbad9af2b543b3c2b4bb9b1ad6fabcd95e713b7522499a64b1e73d53115fa7cf29aa9a1e92a44930894ef3a2cecadd6a31197e8f9544c4eb448a7996d1a4d4ef40add44c24898444550884a5b06ed88cbddf3787cf6abbce75aec33000000000e49ef9fd6b6d6c4557787ec71f2036eaa353dc705cfe8632f6ca79bd4dbf60e62c33edf71c2333af6f52c0695d431cafc6add204c488ab43cf5fb6e1e5ed7a82625133124cd3273ea761d4fa1cfbdc3663036e9e788b156aaa89323bcf29eade7bd1ccc30cea40906bba275dd42af6b529853eeca0226947bf48e6179be8f50787bdff003316f73a06bb189b6450f51241211000985cdb6db9e8daa9af0b7bcc51bae1f3b19824000000002cf91769e6e8b5d7f3b8bebf171f7b8ebcdbafd7cbda76e9d3e6fac383e826699c331eecaf7def62af6fd368d4ac5a3b038ce69a3a66bd8dceedaf83bece738b35313e338c4f4ddbb8e763c6644e2aa9a88e49d6b95ecc327acec588ea72b36b0bfb15555339ebc7f41d22fb95d8e8734cd0bd52244c04c0d1b5deb5cf697a1c3a15bad34554a134a596e8bc972f6397b0e8d55185a98861be54ca2660809802be9daa6e76b871af65edf7f3764bba6a8cc12000000000c3e60717c8dd59d8a78dc2e76d3a9cbb861f3194786afb8ea94aef8a1cee9559ac4e7b4f4ab5115fad5d3111241966f61d0ed6df16e2eaf2dfbbe4f58b638fdbbbee5c33b8e584844eb997d0ac57b7f7a7d7a5cbb1b6cf328d4b678c4e9df9b9d732dbb45ce173fe713d0aef92f4be2f6f2134ce3333025124f97a93ccb1fd4b9ad0f4d6d4d5469bf284c4a2109a651044a4226608092bf3db72d1b35c4dadff00318ad9b5edc227d432000000000000c472eed1cf5189c75df9f6387a8ec988f4d7bf2b84cdd86fadaea2389ddcadff009d74fd24a186d941225314f964babe66e755cd6b7739142279bd3baedfc93ade7ae662d11aadbe3efbb3c5b45e51bb4571e7567aea425188cc35edc66521311637988d163af5c60b39c5ecca249981209c76411b3935bf47e6f43d3ccc46bb55421044a10898998926608213177d3b119bb9e7e35fc8796da398cc797ac66090000000000005a5d8e3d79b668bb6bd96b1d0746bb4b65f0c6e66dd4d33dedb25c0f4d9244d2f4498120944cbc6f7c3c7a7e772d82d82d7b1e6750aa2785debced9c23a6651b6685b4e9166a5ea1dae1786b716fc8edfa5c57e186799c9693ebbf46e33ae666ed1ba4c6fad188cc4ebdbefd0b97f4fe2772a44ead92892669a53e969ad6a75fab96c1cd353b728467226202201334915c128d9b13d2b7732b8ab5fb7c3f3daec3618ca4320000000000000008e75d1ad4e5f8ecacdaa5cff006cc7646f51d273587d8b83eae056ec242512112478fbdadfe2e66dee71dddf23afd32e1f7a2ba2b360cbd1577bcf3117da9e8b0da31f92d7b2e3d7c7d7a1cda6cef9138bf3cc35edc45fdc4e784595fd811d5b95f54e177aa9b5c2eab1b25be8984d1d1dbf58b657eaca96162699a4a884489820444c22669aa53ed4743d956eaf96d77ce5af9d9ecc8beb9233000000000000000000c4737ebfad2354c47be52ff3745e85ab743a3d2e5f4eefa552f414cc30b3204d3278fa479f4bcf65f0b94f2ebf9bd7b259d9c33c4f8e7719963e399b48cf0d7ee6bd8eb5a893a5ca29925098940920a96d738ce3ee6ca9f3fec4472bd28889a9000404a131542944cd322026ba77dd95ebcf177ce53aecdf4e175b2f9fac6409000000000000000000034ed4bae69911ef5e9db6e78fae232e4f30a3a0e8d4bbfe053aedccd32463b2369b69e76bc6e4bd5fcfd3139ea9c65cb56fbbc165b50ad673d92c367b6ea9a71de39e17756b75d3bbb0d3e194b94b1f5df5ba2ea6dfdf757b2aaf3c75edc3dc63effcc7be1157a73044c9000811284a604262455ebd07654b6d82177cfcebf453387b6dfe77f1902400000000000000000000145634ad63ace9f11371a5ecb9637de1731946838bea3abd5ec6aaaa9d1d479d73385ae7f57d9fd37cfe6626dd2b4b6ca57ab6e9b6db76a3c9ec6672bae5e58af9ed45e1a37aead6ad163795bdc7a0f3716f71e113ebe9139613af67b50a5d2cc550f2ff00439412981208981084c4cc098994465331b8efe65b5d4dbdae2faebde358dc6723190240000000000000000000000014d4351d4fad6bd11ad67b57f1ca36c44e5863f4ce871aedf2c8dcf51add8c5ecb85cd7a3f0a989b74e6608ab4edc35ea57b0f9f6735edc56b3b1db61b29d86a9bfcdb5f4f6a73c16b7567137b313b35e0f17eb479ff00559544f2bd5cc0269984822624889493efb7e75f5ade72555ae24c5383db4eff0001e59389f0ddfdfda3204800000000000000000000000000018cd43a1789ca73d90d711b446a3b1e58dde91bc72c9c67256190edf0e24dda1312860f2d6356e65a63cad54c4e72dee356d4c375744c25e1ef6baf65ddbdc33c3158dca63f85ea6ea61c8f572809890109ca6cb9d5d376ad9fd2c72fcfd23cb773fdac7178d2eadfdb778cb0fb5c99000000000000000000000000000000000313961a0e27a9ebb11a962360b2cb1c05e5e7a753938f5c5bdfa080b1b8f69d7b16b7319635cd339615444a080b4bcb5c365d119ebc2c78ddf9df674cde57cfee5836cca675b9fe53a1586da989cafae17751db216f957b8a30d864e730f63b263960f69d9ae5312240000000000000000000000000000000000000a35dd9473cb4e9d81473ef5d8f039ebf2b7f7b7bb47ce2e6e2e51c74fb51bebd0252892243caab2c8e1b0967ab11bf6a7d0f83e8f9ee433384c36479e62a86b17d9ab24db64713e10ccd8dd6cd13a6ec7ba7b1697624000000000000000000000000000000000000000000078fb0d6713be0e4b3d671311cbdbde3b28d6fd2fec366a9af1f4e7af2b458d39e170b58d9aafeab08c3666f21a97bd3bb99b2aafd387b6ddb2f0e6798e99e89d3763bf012000000000000000000000000000000000000000000000000000000a6daec627cf3430739b187b8c80f2f50000000000000000000000000000000000000000000000000000000000000000000000000000000000000000000000000000000000000000000000000000000000000000000000000000000000000000000000000ffc400341000010302050302040602030101000000030102040005101112132006143021402223313315243234415035421625608043ffda0008010100010502ff00e3a5544a7cc8eda5b88e9f39e95dec95aee25ad6ecbad726b51eb548ad722b76525248909492cb493529258569af6bbff10aa8884b8476512e445a79a512b67556da52e86a77024543a2d210b4ebdb5a6fc45f4eb911acdc9996fcc4aeece95f88236997588e464a8a4ad03252c56d208acadd3b69b29b4d7b5dff008235c003525c4e4a563caa8246d6b6e7a4cea48c55a48aca48e16d27a61703f6d0bf95fa9bec455d51704fac5622c57408cf55b68e9013455de4e150ef11d55a4019163267a4e3a4914d72393fbb2118369ee745794f430e759884ab2d128f28aaf05e84da11185662e546d3a5c76d751ce619bfead5cda4fb56fb9847052eb1a92e51569b3232d348c7717b1af47db4348d9f1a9977dba118276b8099ea2329846bbfb8211a269ee99d3b511cd0e4d74808e8d2085e1fc35858a465fd7225d652d3e51c94beb811da9ffc0fd44efd31fedf0611eca65c253687777a50ee807508c22e2ad47212dc25543cf87512e91e4d2b1af4c9eca6911dfda2ae5526e8d457a90ce683e074960e884711dce401876bb762b9ae47a5487e91d7f11ff6e951bedf84330e2a0dd6832826c64c30c84464d8750eea23395ad7a7c4ca6b91dfd8cc9a28a92649a5a823bb274810a8a5711ce72351f344da5b8ad2dc095f88129970a64c0ba93d5307b5a46982f8ae6391ec94ef99846fdb547fb5e404d306817313e9151c952628a4351b320ac2b8864d2b516b356ff5cab924dbae6a31b88f54146a3487994f2582a34e7ba95caabc86478d413e86461530309d19ee5cd7089fb55fd31bed79826205d1ee68b4d7239b52a18a45325c880a038ceccb2a45cffab9271c71cb96498a28e9a492b4b556a5ccafaf8d1cad7479f9d7d52a6c4d387f30d7389517f47b001881746b83098921bc0f8372695d967fd54e9a38ad2b9d21504d8ed39dc672ae492e5297cf1a4bc0a1330c953a3ed3aadbf657e91be9eca2cb202a39d874a9514725a19a680e639af6ff004f72b8246a135e73e91c16948e23aae07d4ef60c72b1d164b4e8a88e6cb0281f6cfb44f4146fd3ecd8e562c49e8ec1ec6bda886b63a2c91c917f4b74b8ec5006e315e46416bdeaf751dfb61f648aad58a7433260f7010988d64a5ca345fd1ed61cc70686f691b468e48a5813472c7fd1dd6e1b351c2f390c66441ae32bf6decbf80154441bd1ed87f2cb705ca347fb7e44f14690f03a39d87654b8ae696dd39b2d9fd0dd67f6cd00885298cc8c2c57d28e71b41b25aedcd5da9ebb53d2c63252a64be6806d2e93f2a6dcd7d42990fdb888e13e2c86c86d4c8aedcb6ce6cb67bfb94d4882634873482b238f84f3e9afad31ef6524c325367ad3270969ae4723911e878294a992f893045c94ebbd00ce5926ed8d4b1cd4a37a7b2cf8b1eac74492876ff12a3bf5dba6b2607deca90c8c02bc928ea89023aae7c4efd65e19d31ee62c6988fc2747dc6f8d3003974d807bb74c551169f140fa7db23ba9f685a2c0903a5f45f2a7063958f015b29b52c6488787259281eedcb924d93df49031b0c062a91fc3f8f0419384c16d1bc895d2b96ef80a21950d6a12d1e11c3ec444709f1ccd38d6b375ae50de8f67babe4bd4b6c0a3aa6c95905e4a992f8221b785716660f2f4afeebc722184f526de5178bf8e318ee0106f69185621196e32c093ee6e327b60063b8c49b21ba2a5172a49be839835a4f54ab83b4c655cd6001b26648e997a24b872222f1864db395ba87e5e95fdd7964c3148a931091fc49c6df2b61d53a32490d9a6a9c7eddca8d479bbd93209db8f02bf52e0133c35dffa4892f3e114bb1229cd4736e5d3c3251c4f0938477ee09edd2ff274aa7cff0037f12eda8b4a8a8be5b5c9d4953c6e8e58c66c80fb6bfcac9a25d8011dadd52c9b60f058657756dc2e100138772805806c6d8ef97353295e4e944e4e544a4723bc5322324a1c2f03fc8d5c9629b7c4e4cd2de4ec277b590568028e53c8904d4b85cdde1e9f9fd9ccc65c614a0dd20be049c2dceca45c99f1af93a553f2b839c8d6ceea0632a45c65c8a5f5a4ab267f84f84e161872e33e33fc908fb06ab8c6ee016897dd45f69d412351039351573572fc5571fbfe1e9cb92481637484d9d108c70df4c76879da878fe4e994cadb47332386e97224e270b6269b6f888c6919362ba33fc96c3eb1d6aec2e6d5cd3d9492a001f19cd3551aeaff00f4ab97dff08dee1becf7b649e1d5917448c2de5f49c1d2e73574af34f5a5454c3a7d32b455fa7f77270816b933683d3a04a774fc3541b1063a924d98e3ea3a0dee11298e6bdbc8a369592e3ba317c49412288ac723db3c09223d8e529e2fb2ea19150188c1b9753a98ed4eab937e1f1daefa68b50e6c798cabec7ee6d7827a28e622b555aca5faf000086a1c21b69a9a535254d8e8d4b1e496abe49ed6dd8586d692795e9da6d2b8479058cfb65ed875e5202d90230dc1278ed06cd2b52c1bba2e69ec1ca8d69cca791704edc1833272a3b524d2b547e46b95ab12fb30151ba8a2169f923f908223525be991423a7ca0b28b388b4f739f59531ee6574ce7f8775697335450ac892363443e33e3777124d8248e88c70df874fdc95fce7c6ee07e30914446b91cdba837a2d9a57750bd85fcfb70ed63d52e5154c6c33d0d635369eae55f60d8665a480eaec16960928a178b147bd11555dcba5db95bba99d9dd6ba6db9ddbc13618660ee304904d4d556ba0c8eea265caef1b4bbc7692ea13bd52d64eceebec2f66de9e9f26dd8c8f85ed7ec425b32cb1bec12e89679cca20de2779210f59f05f4a73918c41abe07364590fc2d6058d6fea6669bad74ebf45dbc33e2b6645722b573ae987eb87c9cd47b6485406f1432ecc8abc315950ca868fe6904408588e2bee0f453e2666e0ae4bf0007b20c1ed42366d8825a9518b149e2842db1510b9567a6a56b7093d2a40f68d84583265546e9a23a8362802a147086ba927f6d1ac113b89b5d560cc741238458e66c80786f088974ae94fd3cee80dd078e113762c81a145d3455d9f3750974c3809a4abc42dee2f3c6400524576b53e1f8610771f82b690792bfe295539daa4db6dc6b812158a247e13650e1c6290d709b022b61c6a991d25452b1c22558ae7d9bd151c9e0b93b5dc2ba59b943f04e0ec49f159c993e84eed6f7e6bf975cf67c16de1e895d3feb3dab9b78aa66976b328939046a5231a8c6704f5b8539753ba40b91f13958015dae0fb848e9a85a478f50db54edc2df73910a81d4519d4cbc4075024064270987eda2e1650ec5b3c1760ee46f14626d1eaf09a4719dac1e5904dd3cdf81bc263b4c78a9db02dcbaadfceeb6669e9ed731d8b515cb1828167107acb32e915443be34881798b299be2ca5df21812e97335c1c266e3ed529083e177b221d48370df8c63be39f87515c10cfab74659933c3f5a903d937852a23f722ca1ee83a74dae0f92e24da83185b869cfdc97c2435644cbcfa4db5974f867dbc135b3eda784b4899ac48fb2de513ee4cfdb63926309298aad740969287c25c404b648e9b4a9d6a9308756b8bddcec7a8e7b80cc2cd701c050df2112845619be0bd0be2f159df98aacebb373f27513f4c1b57a4a5e19e55d3a3534fb8c46958efac03a488be195668a7a6d9e4465691eaf53b12bb9056f86bb80d34a8f5184cfa68542f9ff00b7e5113215048e09229d9245c7aa64abe5d74a034831ea1cff0017e0c7398e877d922a853e3cd4e53c7bb1382f2b43b4caa27c9bc793a95f99a1fc30f84c7e88f6306cdb68b14452c201a1bbc768cbbdcd69da529bb0e546a3719edd336e1fb7e4c4d2dc22487462888d28f85d9daee75d35fe271b8db81391fd36ea274fcc6d48832a3f063958eb45e37979481ed1fc315fa24d5dbd1a15d41f1deddaae4bf05ab83c6b2a7fa279e4c47a4a95bf2ade1b14922cdb0e4ce9eee71bc815f1e62a3e27103751785be5ac6222a2a63791ed5d2ba6a7b405e5f4a936f8b26a6f4fb9b451bc4fc2c170ee19c6f2cd32fc4d76a6dd19ae05ac9bb093c739daa7ccf86262aba5bd340572f80c67aa3220d7c9325362b07738c24bbc4588de3093d78db266cae3d530d5cdc20df24c66b7a95b4dea38cb4dbfc15a4bcdbd69b7282ea6c903a93d709f08334532312248a015e034733640385f1bf2fc50575432b750fa6dd9dbdbf4f13dda9f73fbb8ce7642861eda2f322bb2105357808f68d8c55736e07285a475de8369423e5590c6972c8391367d98c1e31dba43cad53717351edbc5a5f0dde045caa1de25c6ab7ce0ce15f20f77130e9736b89c2ecdce0f8ad4b9c2ae9df4a4f11174b03f132e6b9cec6decef2efe07b548be18f9ca254176e0b0950c72a82118195222824512c711d532c660b2db09d3a4158e1bf9db266fb71976386757f4d3a9fd392529dd3f39296cb704a75b27369d1643695aa98c39048b22319a70dea3f6d71ae967653b84d6ea87e2b32fe5eacdf0dc53ebe196b94585faa5ae727090fdb0f4d036e27988518e992a3bd6a77c6d4f4ab8936a009883173bc4a791f022321c7b844ee58a992f26aab5d025a4a1f0ceb5256698674ab571b4825b4a370895d2a6d51baad9f1574b27fd870226634fa786c9f6eadde97a4fd5e1b8fa4085f78df7709aaaf2044810d149a17c0be8d25d2335c8eba48a5b4cc3d37a6a2513a6a2aa76772b655bee019985e533b527d395d66f660b4c0ed0785d21eea73111c224490d922f17548d1b70ae9267c3d59fb7ae944fccf9ec7842ff003ffefe1b9ff8e87f7c9faf0b333b9bb6113e79b9ccbb390ad2ae60bcc51a06e904b4d54726371b48a5b98979154c9d323243942982e262b022b601f24fc2eb0b2f04590e8c6095a61787ab17f3f5d289f92ead5f4ae924f6164c22e5ff0020ff007f0dcbfc7c4fbc5fb9525da01d341d112a5e7b23d28de57e94e8f144f009ae2654b2c6d569c05a40a31c39f3c342bf352a3490c964b991e2249ea4445775099edb64f48476f508d69b7d8cb497988b497486b4d9d11d452867cd6906eacab25e17387b0bcedf2d6291aa8e6f83a9d73ba574ba656bead5fcc5749a7c8e3fc786c9803d2fcdfd5e19a99c38eb92c9f491571754116c42a3ae4d86bac5cafa1691c38c3b69daed4dcea4418d210ec3c036ccea40ce4a2cced4cf7b88fc529b4949831aa47be23a9da98a920eda6dc66a536f339292fb392bfe41255a37b4ace76c9bb0ef05e6d52e54f5b35c12ac617c7b6f5245932263e31d95d2cd56c0e065d224fa786c7fa1e663163c80befedcb3f09d3308bf44efdd5359bf765f55abaa394227373e5240d931ad85eee19acca273a6498b51e500f470b0c3891d228ef0774783c92929292a02e6fa3090cc7a2b57800aa123551cce6f531069749cda4bddc129bd413929bd49269bd4aea6f528d6a1486cb8a6bbc309d2f16f5a1bda4629068e45e53d7285e2b2a7e5a9535df98888be2cb2abc948c951e4216ad699dff0b8bf6ead2c565bf9918a2968b9a549b542915f849c3483b9b16e110f2edfc529b495fc2d41f49184a06ea2fa2f08a7d97782683b84e3626e568ba2eab955b132b6f51ae7774ae9eff13c2f0eca0f8ad09942a87f1dfd9e392dd336e31f7e0b9ae1bec654fc570bd22adae23f5b7931c8f44accd0562cd8f29385f6cddc52a64bc1291710bb449c66035b578c391a295325e48aa8b3a3a2a70b4a656e98b9cbfe22a69897e5cef095624cad1c2faef87c56f4d3057e9654d5736f8eecdd374fd56b289a56946e1bacb72492cafad441285bca0134cac25428f2abf0c2329635d52b7af80a1750b98f892c131976b38a753ec13db4b66b83696db35b4b16436b439b59a5239307faa05fb82c67832e508f9d7d39b574acd8db7c21a688ce5d4ea6a64dbb2eaba55a532b670bcbf54cf10dba06bf4e9f4cd1bf4f17513729b1be289461a158ba844b4dc1268bc13a22996df7369dfc6404721926d27884b7df82f475d984518cef5acd6a64aed22c213d919401752c18ab4eb6425ada7439789532a0425912ddd3f329d629c94b67b8253add35b4e8c76d452a95bcd2a5c7d8760bf002869a9ebfae6aea995053285c0cfdd37863337245487e805899a2dfe3ea467c9b5fac972695a901dd688848c783299323f82f16dee923de2547a15f633a9b7582b5f88c2a1cc8c4a4f54a5445e245ef6efc2ef07bd8eb24cca1c97b93094d735604a64c8dc6eb0b478151af6258e5bdbf824f474bcd633a1c96d441bbbdff00722ea7ff00024d22c6e65da85e2b43754dabb2fe4e1b74c7f1de87b96d03f68d751edcec258771b6a9ab0e4fd7c336182555c2deb1f16bb25b54f8f14b1e647915f4a4735719f252244b347d885c7aa06c6960e8dbc128055b7ca1bda4671b943ed9fcedd33b67a2a2a619ae0e8919d4b6c82bc6f85ccbe2b1b3e1a9ff001ca1a65e42351ecd3a5673b7018cc168274eccd63f11e2473d7e0d06bf078391ec01757fc7cd9c6b2c61a22235b85ddddd5cf9754bbe64426d9b1f454b74b5b79b8bdad7b27457452f3b54dd95f0b951ad3114c5f15b59b70aa326ede07f4f25dc5b57067c76fc48c4230447c69002b4e1f62aa8d4b167267f2ea17eab8a54694d731303e7b5930e2b0c97387c4e261c5240f8e5e7699be1bd1f403c4166e969cb936c6dcc2dfa793a8c5e903efaa64b8ce16696bb83e110246185ec2fe7d9b6daa3f6d0395e57fed308e57b6933ca82d513825edeebca6466c91146e1139dae6efa7255444987ee2478aca3d526ae8e56c4843d00f2dcc3bf05ab5393e6f0922d92c09c684f89788a74faa7155c90dbb2e346b728ddcae3f9dbdaae6bcae62475efb30e4584e4ab77d9c66b75c68874931795c61a4a1b91517922aa2dba624a1f1bd48d23f1da45b50e8f9c8ba87ebe69c1d89acf9b00ba9a8d723db81c5be1c23c9347505f6436837b8afa098474a9120319a37baea5e6e720d9601bdeee7d44dda9b49f5b7f1e993696f3bac2df4e61238448921b24389cad088e5718be28c2de3ff0ab925a1371c34c9be6ea20d427a364158a22fd83e0d5c9678b41b882e730290dd19e784e8ee0f3bbdd124a086821f3bf837add19fac1519744ee11cbdadebc17685e08b21f18c02b4e2c2eb2f7cbe3b1870bab97b6862db179e5852446f54a97f38061a14718ba9b8199b81e51039d381938577991ea2de229a93d53097768e157c49b70a23635aa21a6cc570e6c91ad96e4f96fe2ad472464504aa95f2a6709e3d60b448ee60782eb076579c096b14ac723db7799b4df1b515ce009001a4fccdc809ec6f80d99905752b915165315144442b30983db2f000f7099e1fc3c0d5a1f7119c3badc113b0913122c4045a7391ad9523f1199715fccd5a0bb571e2f7358dbb959f8ab5ec7d5c59505fae3e2e7e87f4f17b797e054454b8c358a4e70e7122b5ce573bc76506a2d4a2ecc7b7076c2d4c93d85d23f73112a57cd4a7fe54e8a8a95207b81e115ba45cadf336167ce14314e3cc9890c4a214976b3d07d157f563719cf193650ce58c1cbb3d2a6ee90710db2663d84c48dd6c3bde02453b64c7f0158d20e6c674537b26355ef8c14002a42efcd8cdf8bd95de36c4b88baa9c9a5640f705009837ea76e836026eb27819f3a5d4826d07067dacf196648d1e3b574e7a2411558b8144c2d12057712015108856511ad23224a3da890e50a58bc1280c9219017c72fb1b246f5a925408608d5a31b74b3d95ce377316a47ce651be4c9454736ae2dc8b8446fc3cfe896e4f97f4a946de7e03fb38decbbd2568adacb5c75fae2a88e42c2f504876aa5447223090c8022183e09d15b28256384ff003c603a4198c68d9475ee65c5666ef697a8bb478ef46bccc5192e2cab7bf3654f4ce3e0c4d2de721721456e88f209f0917e2c2da269e57f3528ed8d1e2ea762e7225239179659e0e7235254856d597fc4f86e70fba1f9ed717b7054d3ec8a1876c436e867b49416c801c6e1119f9809d9b83113689521338f404ccbe0326a1447eb02b5ab52e3bf188758d27d170bc97ba9d81ca821f70ea52bd5cc9656d0e60dd5fc713c2ceacf703049e0932071993ae0493e7b3c4dc7d2fa207f35222b3d7db5e626e31aaa324a6a3db347a0d04f4efb75113d7c303e1751ded6871b2dc0648f729690a3451ab0784a36e906c7117b2353a319b4b4323c74b31ce604ec3378317fee3911ed1b25dde9ef711de68519d28cc6b58ca9af539238e9132f717387b258c54655c632e407ed3ffd52a3a642f0c55fce2b7372c662a3932760d5d2e06725f84f2e4d4a68f6a3abfe6d39a8f458815a5842a580ca4828943168c165052a03fbabd27031c6049377a319e6779c4371490e3b6306a69f699101b4c00f6dbee2405a714a038248ea8561622364bbe8c4572ab146be181f119ced28f3936b1622b9cc6a0d9520bb2355d4e802d4aefbee4ccbe09319a7ab03923dd28a610a8d760b68d74904a55cd7d83515cb6e869147472b42c8ec73df0c79fbbb845ee06666954fce31e9906ce2ddb8dc21f708a99780cb90ede9f2dead6b4ca5914d1b9ce64172d760da68505347ba89a911a72a9891a3296911113c72574482ca904f68956c83dba53951a99aca34716fbbde5d21eb4735c27bd9f8845e9c1fe6eae10b7e9515179393536013252a32b654aa9e8982fadc44ccaa62e51a209afe19d27aa7155c91a56ae172fdb7b34f55b640d8c4efee9e21a95e3620d9ef6e70d1b48af0940664a1e13a124847b558ee527e1231c8f6f08bf1c9ab913e281f14712fc34d45a2bf60ce8e3756d12b6cf594a6d0a4e6fc1f1d1ce089e274c7eec8f64d6ab9d6e8091f190653a89aaab1c2d00fdf3911527c3d0ad5780c02b653709715925a70bc04e3253e180ece3e3249b428a3da098a81639cae5b62fc6bf474870a9d3d3229c85a8e62b147288e545cd2a48f74227eb66072ec86337d3d8844f3120c26454c249f79588b9c48e8067f40f6a39b3e1e95f8c058b21b2f1385871cc86f8cbc08998edcef998c91291ab355a8723c8fab67dd94bf098ad0b0af57bea32e99189d7e5b1326e1717eb2b5324f610a19253a3471c61d3974a483a9e98d5d50e2a476ff0044f6a3db3e2684231c17c498d914a8a8b5f54996da54c97185fbae19d4c16f06a319424eefe6108e23b06a2ad00a861e07fb1839c8d689cae93ec20da9569111a9452344c211c75635cf7c38ad8ccfe9151152642db43815950e7e48e6e4984a8839292a216360bf48099c8e295259b67a8d0d329c21a46a8d0d5e8363468b1d9a935a612bf6a9f4a9cf573c09f3bcd122164ac38428b89e420e9da88f8e27c92458e38e3fe9e542a2c7475469648ae0bc725987d524db1afa9637c76db53d795c53e7418f85c97e5c18d9f22a6e1704d4e950febe4085e6744b535b4899252ae54794aeafa54486f97421b04cfea65c469ea503e223080247b83494a8a98f529fe1b727c8e5fbb260d4ee8fc93f7352574c720f663c54f87c41090cf8d69a631a3660690d1d10af2d2bbe2836cf5feb0a361592211028e8ed7b4120d1563c90c8a56ab56feb9dcadffb6e25fd3107f1511fb6d00f687cb5e47c2e2eca3c7fb5e08f04e6a05a84ca63518dc1e468d0f2dcb4be891639a62c38428adfebe54119dd286a2a2c55448f30f1eae8249c684c731bc657d04dd2ca3a6aafa2721feeb0b9afa0d321f10c0905a0da129ac8b1098bde8c434bca9ef5753351090ed088a88889fd91ad888a76a328b1169a520d7e4168a278b82faa60a99f801fa30b97a99129914efa0c6794ecb3ad0ed919b4318c4839ac29244c001d2e4a49b62fea7158da2cda795caa8aae745b41094000c0cfed5cd4734b6b46d486a8a9408a34dd02ef0dd5b4c7abd8e6af88aed01626966021f717974990f24c7c8ee87746c58897073645d649648ee128e7610138f52601088890e39492defa57e6834795d1acef75478e28edfeea45ae391e5872c48fedf51633ebe60e98f4739e0ca9079d2b5539cffdb63d3a8a4b867468ccddfc308639a04723bb78430f7831b5f2dcfa715d5a928102548a8f6613686368dbfdf144c2b5f670a51a04d1d151075f75ae0b92b53db4875add1567196b4c65ada8f4f0352b4568a689569d1d1ccb5f6f6e13ae224a75c1cb4f9245a53bd6bd29b9b9456d966a0591a94088007fe18f6e887a7d94744b4cb457c196da789eda738695a98b592d2b16b6d6b45654be95ad29ac7be990653e996792ea158d2876b88ca631ac4ffc6aa22d3a301f4b6d84b5f85c1afc260d7e1506bf0c854d8515b4d1b1bffdedffc400371100010303020405020503030500000000010002030411121020051321312230324151426106233340811450f015527143536070a1ffda0008010301013f01ff00c0eeaffdb2fa57543e0b63eea86a1f3025cae876babff62ba966647ea2a4e25ff6c215d35ef7507106bfa49d1414724e2edec9bc24fd4e55746ca768b1eab8af66afc3b0b2673d8f4785c3f74784b3d9c9dc29ff004b93e86767b220b7a15757fdecb3b22177952d7c8fe91f4429277f5b2ff4f9be13e9266776e943c425a47784f4543c463ab6f4eeabe5e64b6f85c53d0d5f863f59db5cc6bfa382938744ef4f452d04b1f6eabb2bfee49b2a8e21f4c4a1a174be394a8e1647e91b25a78e5f5053f0f733ab3aaa7a8753bb26a8a76cedcdab8a7e98ff0095f864fe73bfcf9f226a68e6f5053d03e3eadea15ff6f248183272a8aa74dd3d9515262398fefe454d1366ea3a15148fa493aaad70929f26afc343f38ff9f3e55451325ea3a152c4f88d9c81fda4d3362172a69dd31bb946017807caaba613b7a774c73b92e8fe17e1a6752ef2e48db20c5caa691d0f51d903fb29e66c4db952cae95d93b4a5a2cc07b93f9df4d93a6aa6fd29bc45c0f8daa19d930bb77cf006cc1fecee87f95c063e4c7e259b4fbf9645fa155747caf1b3b207f60f7868b953cc66765ab4585b59a9d930f1221f4b2263c3da1c3739b90b14740f737b14cae9d9f528f8b1fac28ab2197b1f208baaca5e51c9bd903e7d654730e2dec9b48f7b720a489d1fa828d99bc376d643cd8fee170e7dd85bf1bcee82b6587a03d153d6c73f4ec77b9a1c2c554d3981f6f643cdada9b7e5b531b9b834202c9cd0e162994f1b0dc0d41d69472e77b379f22978896f865ec838385c6ea8844ccc4a734b0e27cc9e51130b9004aa217946d3a03a541e4ced93d8ef2acadbe96add01b7b263daf1937771182e39a10f2ebe4ecc4c6deea8cda61b88d67844ccc4aa72f6fe5c9ab9e182ee5271268f40ba82bc48ec5c2dadd5f40163b28eacc0eb1ec81045c6d201162a78b93216f944d94afe63cb9422f7547135cf27e3c93550b7ea42b213f526b8385c292294fa1ebfa0c8de575d470c71fa42201efbaeafb7875558f29dfc6ee250e4de60f643c9ad9318edf3a42fc5e2eb87c41e0c87dd7242742476dd592f2e3ff94d6977409b05dc02a19b22e6ff003adf41e41efa8365493f3e3bfbed7b43c62539a58e2d3e4155afbc96f8d6923c23b6af607222dab8868b95513199f757b28de4dc9f60b8732ef2e474011d48dc7beca09b97258f63bb89478c997ca1bca95d93c9d29599ca026f84db639b92730b74acaae6781bdb58fd0eff003dd70d1e0274b2a58b9b28615c428b94798ceda5d5f43a01be9e5e6c61fb7893328b2f8437caec5a4ebc2e2eef4e65fa84d3b6481920b15fe9313bb23c1d9fee4383c7eee2ab685b4f1651ae1dfa5fcebc299790bbe11008b155b4669dd71e93b0e97d6c8ebc2a4e8e66d9d99c6e6a1beadd688e83aaa58b97181b0a1ae2b941345859481af058e54f0180161f9d7863318b2f9d248db2b707765554cea77e27521595b4ba051ebaf0e7e338fbee78c5c46fae3e0b694516720fb21d3c906ead74630b957ee8c256363d5440358037b6b510367660e5344e85f83902afb4f4d1da53bb195a7efbaac5a676fe207ab74e1b159b96e2e03ba33b42e7a1207a776d84d85d48fc8ae1f5b81e53fb6caca4152cfba734b0e2edad28f643b2777d0743babbf5dc86ee21dda98dc9d8850b716af7d8e77b22c0572be118c842e107b90945baae6b5731bf2a5932e835e1d5b97e549fc6ce2145cf19b3d5b5a8a1d93bbe83757feb943757fd2a85994a82f7d8f383b24ca96bbba7c61dd5a8c766dca3d753a54d5491c98b553540987df5a1ace70c1dead9c46872fcd67f2b158ac5044ac91d2317781baac8e7bafbe6c4105fd953c0d8e4cdbd8e9f56c737209cc2d41ee6f65fd43c8b1d874af65a4bfca8e431bb26a8276ccdb8d1ae2d370a92a84edfbece214587e6b3b6a13b43a513729da37541bcae3f7df542ec2a9aa4c46c7b28a4bed06dd0ab5d729a8c03d93985a9ad739723eea46e3d34ad8f38ee3db4a57963ee10215d452ba2764d54f50d9d990d48bf42aba8f90ec9be9d1a9db38532f217fc6d71b0babdcdf7bc5d38626ca92a70383bb28df90d8e1747362e71425f95d0e84d93dd91d6a591b19963a50d47fd277f1ad3543a9df935452b656e6dd5ed0f18b955d3ba99f6f640d9137596bc3a3c21bfcedac7e30bbc82aadb694e9435190b1ee10db882b06a1181a4ceb0b6c7303db8952c4e8cd9c99d4d952d473462ef50d68aacd3bbec9ae0e171acd0b66660e55103a07e2ed9045cd78604058586de26fe81887915ececfd2290c6ec828a6b8b8ec9ae0765f64ceb9d92d532138b94b53198b21d51504df9e1c7670fade49c1fe9d9554cda86625491ba2762ed78653e2de69f7dd5b2732628791511e6c2134662defa50cb63cb3a091c109be535d9ec7bf147aece20cb80f508ca378d63766c0ed9c3ab6df9327f1b2b6905436e3d4882d362a929ccefb7b202c2c36d44bca8cbb41e41552c314b90523411cc6f64d7626e131e1edc868d6971b04da46066253a91edf41bab3c742d4f9fd827c9882e7289d9b038a76b2b398c2d547e197177ba919838b74a1778703b787d6f33f2dfdf6575173bc6ceea9a9db03311bb894d93b963dbcbab8b98ce9eca07869b3bb15347cb762a81fdd9a70f8ae4c8767148d91b79ca4a97cff9764d6e22c11d2a66e4b2fee9f248e77a936a9d7bbbaa7be1a8373e12a4a6746dcbd953d4728f5ec810e1937b6c06dd42a1ace7b7177abc9a89442c2f2892e372879455545cb7fd8a9873616c9f0a95d8ca34823e5c61bb3f10cb66b58a821b78cecad93392c3d90793656b691ccf8fd2548e6b8dc0b2a4e6e5e0dac7963b26f754b522a197f7f22baa39afc4761e6d445cd6d952742617a7b0c3258aa6667281b7f104378c48a9e57b1de1d08baa99b94cfbe94d4e2265deb2a77f4e8a4a069eac2a5a67c62e4691ccf88ddaa29398c0f3a817e8153f0c73facbd028e36c63160df5f5580e5b7b9d079b3c249cd9dc2aa91b2105ab8737c64ede38eb53d944243e8d2f6eaaa6733c85e55153e47987b2ab9b37603d93bd93647b3d250aa947d49d3c8ff5150f2c9b489ad0d680deca3a7965f4b545c29c7f50a869a387d03c8aaa91037ee9ce2e373e795534b9383d9fca6cae8dd93553d43676dc77d9c798e2cb850b9b1f8ffcfe1495ef3e9e8a3a891f7b9f629f695e1aaa2a7943971abab6bdd39a5bdd7e1db3e237f6f2aa2a1b036e54923a5764efd9594723a3764d54d54d9c7df5ae6650953370796e8df0c64fcf45410e4ee61557d25704da690fa42fe91e19707aa7f323f55bff0089af6bfa3c2734b4d8a123dde05c2a97fa6800f9f26a6adb00fba92474aec9dfb421025a6e15357877865d246e6d2d55edb4ba36516c5e2ea9666c8cf08b594d4ef74d9854d4c211d7ba78bb484e6969b151fa8226eb85c1cc96e5016e9e4557100df0c5dd125c6e7f6f654f58f87a77099551c8d24155aebcbad03ad25be555d59f446a9e5e5419bd4d50f94f55993dd47eabe9c3220d7b5837cf531c3ea2aa2b5f374ec3f74421dd549fcd76b0d98c2ff740646c14f2646c3b0d5809ba69b3815c06ef7179db2d6451772a6e2323fa33a2efdf4b7ee885534b2645e353278304c7626fb1a6cd3a7016e31dd3a78dbdca7f1185bdbaa7f1471f405254cb27a8eb6fdf3e163fd4149c3c7d053e9a56770bedb08b301d231834376dbfb1b981ddd1a688fd28d0c5f08d0448f0d6ff00b93387b1a6e5595bff004f7fffc40033110001030303020602010206030000000001000203041112102021303105132232415140421423611533435052716070c1ffda0008010201013f01ff00cc2da51c0c96f92ab81b1101aada5bfd8e389f27b428fc3ffe651a28ad6b29a85cde59ca7c819c146a7e828e42f2bc3bbb978ab8b712179ee5fc83f48540f9084ad2b82adf9d1c4e90d9aa2a263397a3530b38bafe7449b531bbe55d54d23271fdd4f4ce84d8a85b66af0ff715e31ed6ed06dd9367704d99a7f2c0ba828bf6914b56d8fd11a7caf7fb8ec8e77c7ed2a1ae6bb87f0a685b336c54b13a23895e1fef2bc5fda3a0d796f64c981eff0090c6179b05053362e7e555d4dce0de84154e8b83d9491b6a59c2a46964d62bc5fda3a4c94b535c1dd95bf12289d29b050c2d88709e6cd3d2a6a8f25dcf64e6b7cd6bfed78b3b9b74c123b28e4c95bf0a188caeb0514422161a54d5e24b1a99e57ed74d8a99dfb2340d3ed2a585d11f56f8652632df91caf107f98fb8563d48e4bf07f05ad2e360a08844db6ae3737d619dd17640b2a634f6963b13b9a7137d6c1189a7e11a7fa4e89cde8c5265c147af49060327774ea9634d8a648d7fb53dd834bb6d2cde5bff00b155ecb3c3befaae89ae4f88b77dd31f98eb5253dfd6e4e7622e51374d7169b84e9e47704eb6d6a4f990b5fd77c37e5aad6dcd7626ebb8ea44cf31d8a1668b2ac3fd2da3641fd581d1fd7e049187a22dc1dd0bff00547a7451fee9ceb59558bc4775f5865313b20a70c77ad9ab585c6cd4cf0f71f71535160dc9a6fbefb248f21bd8ec85fa4144cc181aa536b2ab90b5a07df44534a7e17f165fa4e6969b14c9621ef6afe6e22d1b6c9f33dfee28123b75278ff61ba0758d91e8d23327dfeb495b937855f2969118f85e694251f3ba963ce4ff00a45d6e4a74d604aad8b16b5dd51b24660768e3940dc5fa344db32ff7ad53f392fab5e5a8107b6ad05c6c1411794db2b27b40b0feeabdde80dfc199b9377406e2dd189b8b00d2a5f84653bd42fb03b1ec9af0ed2969bcbf53bbeaff007357881f501ac8ec5b750cb97a4ed1a1def6e2eb6d80fa91df18c9c06be2527ea9aeb270db1ccf8cdc2ff1395bdd7f8abffe28f8abfe1aa8eb5d34b8bd57ff0099ad41e2cbb28a4cc6eb6b7d9503e76b4d8dfa14a2f20d6aa5f32427a192f35c9c6e6e99934e6d534c2621e359cddd6d1ae2d370a37878bf5261766e1c8df443d7a5649847ff007d22af641e5092dd909820ebf64e373ac6f2c3709ae0e171d11a385da7747ed1be87e74f1196eec77017ec842e5e42730b50efb00ba63710a68afea1b22930281bed282287422f60df43f29e7117533b275d7c6c8d97e4a0b257d0c6d4e88fc2f2ddf4b077d28d98f2759e2fd86c865c783db694341d087d9be87b955aec62d3e3645ea16458420eb775973ba9e9a37c7772a8a7309fedacd163c8d904dfa95757d96d4f6dd17b06f8b2e437baa89cbe3c5ddf4fd7635d89ba6b839581580dd44ebc764f60906254d0989d63a117524781d90cb7f49d836486cd3b99ed1be9cd9e15453f99c8eea58f1e76dafc85d979ae4263f28383939c1abce4c76434a39307d8fce950c0f658a22da39b90b14f6161b6c8a5cf4286ca83c5baad364d390055553e6326f7523713b01b21839794118be976d3ba68b0b6b4cf91efc72d2b69ff00d46eaf6078b14e6969b1d41b72146f0f1adb59dd776d8c5dc3a34a6f10d2b60b1b8ec776442cdc8bc9d211737d8d7163b20a391b20bb53bb2a983cb3937b1d658b3088b71ab1e586e131c1e2e3638e22fba01cdd1e850bfbb74963123712a58b9b7ca2d23becb6c89b61b22a67ca2ed5153bdb26278d2787fa45a364d167c8eeadac6f2c281b8b8d677febba2166f4617e0e0539d89bfc695b17fa83431b4a30fd22dc36319921b281fc96a98d9ec3ac8dc1e5bb278afea1b229303a48fc05f731b91b74e99c258f12a3710707774e6e42c53da58ec4e84a2f37babb4f7587d14d87ed323c8e2d52370796a1ac4fc1e1caafd51e4df84c766d0ed2b9a32c86d9a2b7a86c8a5c7829efccdf740de32e9d34be5bd4ccc85c770a293cc6e4ab99d9fa4aef8d94d93dd82653b20f5a71c8df5a78bcd75be1318c68ec8d3b6d66f098c960161c851d435e71f9551079a38ee9cd2d3676d9a2c791dba2d6e46c871d4a497365be4288f97318fed5537288e8e3737d9e14cbbcb956cbfa0d9491e0cbfdac003757be8f89afee98d2d1626eaabcbc7d7b48bf05491e07a1133117eac3218dd70aa7d404cc4d78963b84f366edf0c92d263f6a78daf6fab40a9e2f31ff00db4a89cc8fb315a7673ca8eb88e1e14750c90d81d2489b20b394ccf2de5a363e703da8b8bb93be18efc9ebc1281e87762a9a3746082a63c6df0fff0038294c63dc8ab5d411794cc555cf88c07754b162dccfca6fca731aeee17f1a2fa4d89adeca5ced762792e712eee8b80ee9d503e139ee777e831999405bf020aab371722dc858a7b0b36786b809395334c9e94ca160f772a58236dac3e537fa6d25414fe61f324d2fb0383bb2f14e25e3a4c61794d6868b0fc2ba203858a9232cd62367289d9303b477aa403e956cd8b700a9b98c146a231dcafe530bac4709983fdbff00d45ae6f2d281b8ba31b19eb5573196427a2c8cbd001a2c3f1015dd490db96e8d36375446f1e8e8cdeed36553118dfca8676362c0aa8a8f34f1d930d8dd35c1c2e13fda5055f2e2cc47cf4590df972edf8c0e8f883918cb4aa36da2d6b9b765d52d2feef5511f99362c50c0d8870b003b27fb6da55bf2bb8ef6b0bbb26441bf940e907f96dd65f5bc33e11360a26622e7beaef84e17165e2566d9a36b6373936103bfe682a9ea99886940df40cf5649edc85b63b9234f1175e54184a1038a14ff006846d6f6ff0061648e67b4a8ebcfee132a627fca1cec07d7a4872713a5d5f4bffb18716f642a241fb21592fda15d22ff001077d27d73ddc05757ff00d3dfffc4004b100001020205080509060504010305000001020300111221314151041020223032617113235281913340426272a1b1c1d11434508292e1435363a2f005246073b28083f1254493c2d2ffda0008010100063f02ff00d1d566515ba9eeae3510e2bba2a67c5515368116a47e58adcf708f2caf74796547955479531be0f74561063599f031ac8588de9738d5503ff0899a8454ba67d5ae3aa640e2b315ba40f544a35c951e35c5422b2046f4f946ab2f2bf2c6ae48b3ce0b659d60689d6aa71f76fef1055f674d427bf00861bac4f7e2bc912792846b644bee8d7c9de4fe531bc4738d57131548f231846a386359215ee8d60a4c6a907fe0520aa6ac135c754037ef31375657cce690d6382446ab52f6cc6b3a13ec88d6538afcd28a9a47845556679d1bc06af3bb3bb2ec1860e2da7e19c4229267399ac7131353289f0128d45ba8e4a8ea72a98f5c475b930706283145d0a69582a3514939b5554b9c7589298a8cff001ca4e28246262593a297acaa8475ab24617449099c6bb899f6535c756d81c555c20b486952b43b3809ca995e4dc6534c05b4b4ad06f4e86b1039c6b3edfea86996161406babe50607285fb261842c394909a3508fe20fcb1e508e693153e8f18d55a4f23a325a428718eaa9347d431d53a979382aa312cad95b4713644d0a4989a754f08d6d6116d787e3149c504a713147264fe654537545678c5354909c551d5a4b871554224a51a3d9150d091ac6063a5c81740deddc628ad80976f9aaa8a8a11c931aef387be2baf31389cc8f6441e5a5a8b527918f2b3f684e3ac6d079551ad4d1dd38eadc4ab91cf22262293254cabd4fa46b24650dfab6f84481a2bbd27355ac38c4ac381fc52b8a3930e915daba293ca2a57c229b84368c4c4984d7db5fd226b254713b0d7b6e54515eb22e89a6ccdc4d59daf646d355c32c0d71d737de98d4704f0351cfd622bb8de226c2fa76fb2adef18a0e4da77b2aaa318ed0f7c55f88eb99aee48b635ea476044ea4a45aa364752292bb6a1f01135124e2626a2045535728a9bf1315252237511aed9ee31bc53ce262cce52b13498a4833463f58a425c46112ece610d7b2330dad4b9a7b2aae3ad05b38da2269208c46693a807e2226ca8e50d7655bdfbc4a74562d498e38c6b598fe1d331d1e49fafe917ad6635cf48e7645839c6b1a8582e11ac6b8d4d51132493a736d453127877a626da8119fa663745a2d97ed04f19e76bd983ca06de6da8a624f897ac989a4829c466999a5c162d351112ca8748c7f3137731014da8106357c3f0ca6eaa43e312dc67b18c5351a2d8f48c50c9c504f6bd2315c516fc6266dd9d24920c49ff00d42262ccc5c686ade9c33b5cbcce936a9449dd4563767e972057466f6cee9fa4744f8e89f16a4e6aff0009af59c36263a57d535dc9c202f29ad46c6feb1355d60160899b2248dddbeaeef64c6a5b78cd4d1e4cfbb377c1e507cce5bc8ec98d435de2f19a4bb458a16880de5baccdcf7d6269331f84746deb3df08ac95b8abe292a4b7aee1054a359cdd1a7745be6214832222562f08214260c4bd13ba60885fb260f9a4d264628bf51ed5c7314ac4c1c6293337325bd17a794071a54c1fc18b4c56f5e7b3124cd4a369f9c1435253c77958412a332732d780f3305264444fd216883da4d6229255342ab10e7283cfcda8ab59bf840520cd2731ca321b6d5b572bf789a6a55e9377e09d0b15bc6d3d98a28b6d24c741936f7a4bd077d9f340a10149b0c3cc764d24f28962651dfe6f345978c62923bc619bed1926abe2d172f9c765d4d4a49b47e05d1b55beab3d5e3145132b35931d064c6bf4978e84cc76a9d56ca3c9afc23c92fc23c92a3c998f24a891a8f1dbd13ba61976e3aa61a4f3309e5e714906462aa962d4e619464c68be9fee18183514ba9a949377e018baadd4c76dd5982c316fa6a17e8f469b6d39b51447231bc15cc46b363b8c6b02989a482224b008e31367f49891b76b380af4906b86c26b25294f7c79173f4c79173f4c56858eef370a41911182c5a22b819564b53c2eedf08a49a942a50c3cf94e3960f7c29d72b5aac03e1147ffb87056701a4a571d1ba269323145dd556371cd4d3be3dfb671bed27de21937226bd0ac03dd1acca3c22a0a47231d5bb3f68456dd218a6b891a8f990524c94201a82c6f0890b23ed9928aff8881e90fac25c68cc1f3c99b23fa29dc1f38e9dd1ae7744152ad3a27621b70fb273196e9ac6db29aaba23e3b193884ab9c754a520f888994d24e29afcc4291688a49ef1866e951f7570eb8ec1c6029361f3bfb2b66ab5c3f282f39536889dd70d2aec896c6bdf4d46297676cf7fd7f3da6b264aed26a304a3ac470b76474a927bc63016833060a54260c7d91d27a2579251f879d4c79455491147d2556498193b1e49357b59bc527c260c137d47bef10428df513844c599a5da32824da6196544a42d5466227933e15c162512ca1a5238dde3a40fa26a30b4f0db3fff005fcf6d3228afb4235c4d1da1b7a2af26ab7871cc5361b42b038c169ea9f6f5543ce0935010b7bd0dd40e11411beade39f8599f50d58403475b0c7fc31254827b23334ef6141598a540149b4182bc88f46aec1dd3f48521d4942d3683a285622b858c0ed7283ea0f8f981564d57a91250911b6e8566b1bbf4cc9cb589d2454b03d24c25c41983e6e32646f2eb5f284e36c1273288b6c1b168cf5d1a8aeecf45e4eb0dd58b445076c3baa162b4169c0ce1cf1dae54af647c74ab207331aaa49e47655d4bb95145c12f9ed4115110157d862507265f917359be188f365b8bdd489c171dde5999d06d3dfb101664cbbaaae181d02d3e9a483ee8e8d75a4d6956233cbb4210bc44a27b4ca0e2e01eece54a2129169305391a3a43db5591d63eb9602a1ee8aebcd931512494dfcf6541c131f0892ab49b15b59fa06a566d5a9c4eb24e0601352d3528607cd539326c1acbf94172e16664817fc330f676432678f5c8157ac3414d9a976a15818521624a49911992a1719c195f5a76a4f69c56653af2a8a136c57aac8dd47d747251fd24ecca16269318a0eeab6bd1ab793672cc1c1e49fa95ed44c799add5d891389daeb8a80ca375b12e798f2f7661ecec82d04a542b04406b2a210fdcab95a0de509153952b98cfd11b46ec7489dd36f380bb8d5dfb0aab8ac11dd999e2547df9ba36cf50d990e271cf490025aedaacfde3ae79d59f57562a2f03edc2109b120246675db6824aa51d6e4bfa171acb5347fa898a48505271499e9942c4d26289ac1dd563b44ad36880a4d86b852228afca23555e668c9c7b6af943b94abd1d54f3827352b8eb7e516666d5ddb40dbf3799fee4c4f27702b85e3bb33c9f49229a798d0a0fa663110a4a5749a5f88d2d5a93898d6d73c62a1211bc3c63a56c4933af8464f233a8fc61c29325af5139fed1940ea46ea7b7fb696547d497bf3d261c5215c203795c9b72e58dd3f4d3285f71c20a1c1ac368a64f34e642ff0084f5479f99126a021c76f59abe50c64c3d11495cf3802c59fed4c4c451c6b1b5041911125283c8c1cfac49f42da3fa842a899a67569eab852aec98d659ee113a33e2a8dea4704c756280f131aea52b998b041093aa6a2215ff00619464ed5c1255e399b6536ad54612db624848901a4e314a852be51369487870a8c14b892950b4119c648f999fe1a8fc34f57caa6ce3c36895a6d4980a4d86b10a96f0ac4214778547cc7a31bce9a3dd7c052fc9b4299852cdf9dd526eea911405dabdf1255c7cc6b013ccc56e27c23ca27c22a520c6b0e151cf52d43be2b24f3d259ed3a7e021630424666f82547ddb1a2fa6782af4c505d693babc730524c942b061a7fb62be06fd3e9d161dee78ed0b66d4d639667583e4dcd64f9894fa2deac0ed3e67f94683756aa693879c214aacfd61b7d2eb682b4024513064a655f9a3c852f6083145c4290705096d44ec4d7a0546c0270a9efabacd86a64ef2b920e665a56f01357330a3da424e66bd60a4fbb64b65569dd381821424454733a83e839f11a652a1349a8c29b3758711b342aeb0f2ccde528de68ce12a15edd6e1b122718adc3ef31453b88d44f76814e30da05e61a6fb0909cf45c0149c1427055931e85785a9fda283e82957c76733bcaaf3493598a4e5670b7ff931ad5159a213155d0a4dd68e59ff00dbb2a58c6c1e300e52fa53c102715b45c3fd454e3aa69b47b2994740d9eb5d1e0980a527aa6b58f3b86661f1e89a07e5990e23790690843cdeeac4f659581fcc39b2ac357e7b0a69df6ebeeda20de354c2926f85b0bde6cd1db86c5ae2a5dd0a74ff0009055df60d261bf44284fbab3a5d1bc80b4fc23a46c9718c6f4f3d8d256e27427193a70d6cc7d5d5821a904a7794aba015a7a67315d9e1a0a79db05d89c20ab79d755203e5096915cad389c7338caac58b7030a6dc125a4c88cdd13df7759fd2718041041b08d8e52a16171599e5769cf80d8a92374d69e5b35b78898cc2e4bc3dfb7a17369f79851bdd725dc9d199b23a6361d4ef209f94022c35e91044c1b8c17b24996ef45e9d3094ff00f10129b068abd5466271ae32868daa4850eed0538ea82509b4c4ec693b89ff002f8fb5b82b554df2c743ed2c266ea77d23d218e7936aa4dff2d56475cdb8d9e1ac23ef007b49220f40ea1c9764e8baf7613573ba2bccc24ef114cf7ec698de6ebeed9b6bc0e643e9b5a5054208c36cf3bda5130c33d86c4f99af4558ab56320c57d2bdfdb211929fe927605dc924976f45ca829582142d074004d64c4bd2369d2ca4f742cf03990f35be831acb0cbbd85989f4889634841a2be9978375fbe053d46c5881013019554b4090e2344bd91c92e5aa45ca82871252a1683a0879b3ae93a3f6664cdb419a8e2accd33e8935f04dfb2aec85b7d93b36d57ca461683788093bc8d53b57d78261a6c7a44087542ca5a2ce4e8beaf184a53bade4ab97bc4642d5cac989feed8f5824e5ce26dfde095a6937fcc4d9fb66aa26af287dda7941f5e17e1a160ceb3dd01493250b0c5c1c1bc3468e50d85e06f1df13c9f28970707cc4748ef4742729a5599a6bd19cd5c8680c9da3271626a38273b856c9595d5482ac11aca5b47d74c4d95a5c1ea99ec5b747b0766e23033cd95337134c77ed423b6b1057fcb4297a33360ae1cca15e80f79875e13e9430a40e31918c72157c150d19ebf46927fceed91280595fa9678412c865fe33a2a8711f667a93664ba2294a358389f69063caa63caa3c63caa23512e2fd96cc5592bff9804c3c156f486a8ef1a7cce64b8d99284534778c3492c0dd684cf3399e7cdab340721a0fd2e12e52d1a48252ac419400fc9f471a95e31d4ab5af41ded37137ca636747b49966c9d772d253e15ed586f0055195af1a281a245eaaa1b3e939d61f9666dc50929092912c0c643d20edb0a9788da7fa9f6ba6fac5f1af447394493d013f962a481dd9dd1da9383e7ef8fcc34c0c33d34d62f18c05b66693a3959fea1ccdfb4af8e80e966162c5a6d8d4ca93f9911abd139c952f8c75d93b8918ca63402924850b0884b395901cf45772b9f1d371becaa5b26958286665cec38210786d17eaa4084ff51d27c345ac9c723f3890b36ff6bc9080fd8b49dd7042c3297187bb2a32f7c4f28286c7134cc039192b55e95cabe50ea5d27a14d49999eb70ce1e6c4dc675a58a6f114935a4c88d248d1ae65a56f0f9c020cc1b3432a4faf4bc6bccac9dd32438669382b61d73089f6854629646e53f51751f182871250b16839fecef19ba91aa4fa43eba415db4ecc2b11387bd99c20ed3293ebca32347a94bc4e8151b0570ee56bb7713f3d8f5450db77bce59f945f014e95beab66e9f959b413d67175211da3094bd95214e7a4a4834670e16852c95d3312f40fd3496aeed2e89d3d51b0f6741195a06eea2fe473842a4f362c0bb477c6b64a7b9c8d665e1e062be993cd11f78973418ab2b67bcca355f64f2588aa47966a2e8afd158b530a69d1ac2fc463990e3664b499886dd46eac4f45a5e065b364fab2850c44246156d1d5e2a261b4765b48f768048b5461a647a29af9dfb092134d46ebbbe03ae2ba676e51b07b22ed895acd148b4c4ca4a6771b61b1932038f2d520823df12437927b40fd63a6ff50714fbd84f579438a4ada4b4a33e439464590b243ad24f5a019890c60ab269bad5b2f487d6257e827135e9861d3ec1f96729500526a20c171a9af26c7b3cf63555ca2457d2a3b2e57ef8a4d19286f20da989a475cdd69e388ceeb47f86a98e47457ea9076638288cd9437d95abe30764a3c20718778196823f96deb787efb191f277fadfb6c8650bf223c8a7ff00dfe9994f7f354543d9b0671d3170a47a0172114596d284faa3375eca167122bf18d42eb7c953f8c15b0ae980ba525450152009a95050b1250d8746e1eb45fdad02520b2bfe9d9e11a99524fb488d57583e222a0d2b92e3eef3e4a062bc91efd31acc3a3f218ac11cc674bad6f0f7f086de6b7542621d4a7715ae9efccea7b4dfc0e8be3d43b358f5fe59b2c47aff00210764f1f50fc2191ca1d3eb1cea55f6085bd7ba64390dbf58e368f69404492fb24f058ccde4e2ae98d13ecda62a12184650b1686cc3684d894803603fd3f24ade72a5f018406d15dea5768c4d3e553bbc784488911a60a4c88ae715d4e8de1f3d2b73da62bae0942434f5ca02a3ce14db828a926446679a3e82a90ef8c99ce0a49ccb38347e23456310606c9ee6336523d93ee83b2ca3feb57c21ae6217cf3b6ca77be6610d26c40a399b48df70c93f33b199321898a0d53ca1cecb2271d564cd64c9c5e3331feebfd495ecb69908d671f51e6046a3af24f192a2793abed2c763f6fa46aea3c2d42adeecd957b1f381cb4f52b7d75369f9c15bb5e52e6f9c38672eb43ac168ed6c02db32508a69a8de9c366958f4dbaf98ab3654bf653f38c9bdb3f0cd949fe98f8f983ddd99dffad27e31ddb2ca7feb57c219f6842b9e7e90eea26e7d33b9957a3e4daf645a7bcec14ce46d5258b56ab040565b93fdb15eb3b21dc98a27267981c1157ba3532a6e7828d1f8c4d2411c343a56cf4394da1c4fce28a9bc9df1dba528ff007d90b6585544a5554748c9e60da3494eb8648489983fea3950d6579247646897da157a63e7b00b4778c4405b66693b26860d7cce678e2e7ca3244fb47e19b2a3ec8f8f983ddd995ff58f9c776cb29ffad5f0867da4c2b9e651bcd421c77f98a90e43314a379cd40709da7c200454902a180d34a1b345c74ca780be0210a07d913998f24fff00f8cc6b25d4fe58de4fe61136e9b4ac5b54a355f4ba30787ce259664eb6bd64eb2629b0e2569e11d7ba1270be2593313e2b3f48521dc9f275a155115c2d61aa4950951a7645792afb9622b69e1e063f8a39a23cacb9a0c559437df545075d427236ab9154ba557d2355c6cf250d2e91b1d51bbb3b0c5b3bc20292660d60ec79369cc4e2ea8fc23264fa84fbf365271527e1e60f7766ff00db1f183b27c7a87e10d1e221cf68e64270d6861abd29af9e617151a220bd674a6901827d1f769e46b767d107282e581828cb52a4926487bd123e5014954d26c20d59b5da483da4d46034a524b67754a1545593214310ed515e49fa5c10afb16a39629c1f082a5a8a946d27634512aab2a55d1aab04fac99448cd0a17454f3a392cc6ae54f7ea9c7de49e6018ad4dab9b71456d30a0448d4629a2a178c361d1b87aa3fda762e3cca50504096bcae8fbb13c940c36875050b9a89079c36a65871c406e53489df1aec3a9e6830ecc4a6efc868ace093f081b27b98892a97e926075806a015d55cec832d92c7aa6130e73ccdb7715a539d25265e80e6aabe13871b6f75a21bf769b8caec5897282ce54905d6fab752a8a7fe98f960f60d6931ffd4324501fcd6eb4c752ea15c2c31d1bc9a498a085ad48b82ae85291bc7501c27b37e788cd2351161821425c34690af118c052374ec025979c43a9dca2a9521d9fa47de9eef31f789f3488acb479b715b2c1f111ad92a7b971ad92ac7258843e80a4a557185b2ead6168323a91f7948e693095b64290aac111454b40560542354f818af45f3ea1d9ace2bf966604ac44fdf0a96cd43024420a09014d85738958bc2070a47fb73e4eb23550a5387f2a6a86696fafac5733b0195b78517938a71e62262b18e69ad84857691aa63fd9e5cb03b2e8a4224b6327778a1ca30e27a128706b04d20a9cb4f8683a9c44f3cd3be3df15e8d75b66d1130660d60e3b0e951e586f0ed8c79e964a3d5f9c6547faaacd928fe908778048f766689bcabe3a2a1da206cc7151ccb3d8401f183b3ca1382d5192aea0a09a3e11235284254e100a828779cef84da65f187704b85b1c84869cd266272cc54c20bd929acb43791ecf0e11d43a951ecd847768ab28c9475de923b5fbc48dbb16d771d53a14d035efe3a5d1b87ab37f64e3123a730644417da12eda45dc7968e463fa69878e2e2be399918369f84655ed4bdd9b26f667efd1651c4ab66cf29e6cb17c65eeda3dc64af7427d4748f1892bb8e114550961ea9f48abd7fdf3575c3a937baa50e474f2cc9cef25c2e0f6559e6f360abb42a578c7fb6ff50ca5be04ce353fd482bda128ac21f1c818a196e4a53ecd47c0c52c9dc0bc45e3ba3a4410dbfda954ae7153685f2588fbb2bb888af257bf4c6b30f7e831ac950e622d8bb3a557dfcf43a448a8dbcf4832e1f609f8448dba7311d235e48ff69c341818213f08271398270128ca8ff50e6c947f4c6894f61206cd09c12066ca1ced2cfc7f6da215da47c232a4fb2bcd44db71c23058ae28aea7d3bc31e3b14bd93afa3ca9bdd563c0c742fa7a1ca4552b89d2a0fa02d3c63a7ff4e5ac9177a43eb1432eea5e17caa3f48a390b2e652ac40a29f18a795bb33736dd481f5cd69871e55746c189b8427ed1aef2b5964e26359968fe4115e4ccfe88fbb23ba70e64ce59bc8576b40cfc92aa50c20e4e1c4a5774fd28a8b27f3c79341e4b11f765771115e48ffe88d661d1cd06036e03d30b2637c7d7604114926a29c604ab6d5baaff002fcfeca3e599231223be32838b8af8e6c987f493f0d15b9da54f64da7150cce2f0493089da768cb982a5e31d19fe22548891b737ac2c30168d5710603a8aae527b2763d333e5c5ddbfde283c3a509aa4ba943be3ac43adff00747de12398223ef4d78c6a650d1fcd15599ab00f768a5a15b1926b2b8af4649f2c8ad1f48a2ab4636c0900543787cc674650cd4eb75c25d45b62860742dcc5f686a7a430e3b028589a0ff938a6cf44e20d842e503a89d772843e1026682a52e51ad93bc3f21860292a1371368e31df0a38939909c123e1a0e1bd5aa3bf6693d9055996916ae48f186c6d1ef5452f0842fb2a061c95875867a49df1ef1148f92554b1c2262b1b1eb59a4aed26a544db4bc51eba73d8957b42265b751312341534f818ea5e428e13918aea11aa41e59dc7af4eef384d3f2aef58befd261c4a64b5ce91c65134a64bbf403cd89b0aa9681095a0852555822fd2a4df9157f6f0d8495e4556f0e3008ac1bf3db9b5b2764fe411f746bc3450d0f44523cf66f39c939b2568625512c368a49b0894141b46ac64aede5ba27bb4290dd541c95c3ac8ad1cb0d9f5cca17ce3c92bf598f227f598ea1c5b7c15ac23cb332ef8eb693e7d6321e10024480b867c97221ba0d25ff9cbe3a79326f0951813dd351d0a2aac1ba3a178ff00b570eaabb2748a56269368895a83baad8742e9ea8d87b3fb6c8a95ba2b30b7156a8cf66de2ad63df996ab9b013f3fa6d9dc15ae2142f6d73ee3a052612b454e36610eb7b8b131e644ab74566329cb17fe13fb69ac761091fe78e60874c962a9e39ca93bc8d61052770fba1cc95d3d6315734e916dcb0fba0a17dc71d8061d3ec2be5b10d0de72de5b34207a465155904c2de36b86978ff00836ccbc31a063a3363a9a1f4891d0e95376f4769956f23e6212e34a0a42ac3e62b17bba9f586d246b9d7577e9e55ed7cb3d046354579a85c455ddfb7c23267bd173aa5e9d05547d15610a43824a1b0e89d3d68b0f6bf7d399a8429cb8d9cb66577207bf3292379cd41df0da46d9d40de94c7380a4db688e913bae0a63465e8da93c226d1d53bc836180167a05e0bb3c6262cc74a66a11fed9de8028d4b95653f280a7f2a7de22ea44274d8c96d6daad7f13f2d83c854e4a33ab9458afd51368d2e0615ed682a56a758434f0f4d33efd39a6a753ba7e5042aa22d074c14991161c235a41d4ef0f9e906527597bdcb6809b57ad99a6bd16c523ccc4f6eeb774e6391850bd93fda62922b95a9c6029361cf47d34d69cfd43ab47231d721b77fb4c7581c6b9898f74752ea1cf64e69bee251ce2c29c8106c36ba7e9b0538add48a461fcb1d15bc6af9ec327ca31123ddfb1cef27056857643f922b79b3493cafd874ad0eb45a3b43ebb04adb32508a69a8fa49c3414e2ec4c29c5ef2b6686c7a462ab22661dca4ff0010d5caef3069f1ec2a0056e2c50542906d49944bf86e56381cf38a49dc5d63478c492fa88c17ad057fea05e54ef1f3be02723520b62e49b34e66a02f8fb1e455873554bc79425b46ea0511b059f49bd7fac24df61cce27b531a2cb9e83952b91ab6272864715a7e7b00b4778c44071b3349f767a083d523de768b78fb29f9e6e8d3bce1a10da25e60e347d211235115186b28bceaaf988293dd1417e5139d49ef1cf4e9aecb845265452a1c624f49d1ebdbe312709655ebd9e313158c467a2d75eedc947d627973a196bf928853adb60285409b5479c1e95e781374e5134650e8fcd05a7e54c269050bf48a5561a8c3b93aae2478662a171a51559a13bd15f7434b3be3515cc6c7a5687546d1d9fdb613b5b3bc980a419a4d60c740d9eb14358e0368129b4d4210da7d1198ff2d9abbef89f98f48375dafbe1793ab75db382ae891b603cdefa6d8a43bc6798dd557a32bafd0d5d589b0b5a3d8312d55715a202b2dcb4ad06b086ac8ea5b093dab4f8c152880915926e898fbb35bbc63f28cd93abd791efab4a6b2123126505e61416354eae37c1e8d415095f71818a6ad014fc9a843d91aac56b23fce5b120d60dd134d6cab74e1c360b4814926c06e38c1528cd46b27685e3622ce7996bc2ce2604eb52ab312f315246f8d64f3898aa0651dba95ed5f9a927c9aae898b331178ac68cef557a741cf247fb60295aca56ea45ff00b402e2486ee42628aad267ca1c571cc850b52b1074064f92d1e9ad528fa020adf5b8eac191a4625d1a626cbab41829584ba8378115ee9a951a8a0ae59e561b41e30c2c02971bad278610dbcdeeac4f96c548589a55688a26b49dd563e661291351a8425b1e8fbce6434375bd657389dc3ccc91b8e6b0f9c29951a9cb382a0836c285f6882d9e633ad381ce13e3b100d686f32957d833ace04682dd57a220b8e56e39aca8af75db39c255e8ce8ab3eba67c6f89b4bee3145d13f6a274e6e5e30cc52bb0c4bca30a3663f4314d854c5e2f1cf625b72cb8e060b6e5a3dfe6472857247cce652cdd76314955b8bacc01e665237c569cc1ebec5f3cc68dc66201161cc9562339563b09c2d5793133647aa2cceae240d06f244d8359798ead36d56a6f1c44482a9f1efd191008c0c5260d138474794021771cd250983747da323510536a0de210e2775690a1b1a26a58dd561050e0929368f304b69befc0425281248a8660d8f26ddbce2770f35e912351cf8c10bf26aa95f582955d085f74146158cd3ec9ce061b0578420709c1078fb8c5775433b2d4ea1aeae39d6eaec48b3130a79cadc74cf392a31c70d2af34d5508537efe1192cfb1f3d94d153a9b0e3c3cc292fcaaede030cdabbe6a48e3005ab5401e6aa6d57fba149554454628ff11b157110a4df77380a898b21c1c3327c762a109e1545691057349960259db793e89f744c5873272549eadaad7cff00cab3d23dc23d6b67f3e713b255095d159a438c6b6a1e3644ee813bf466c997aa618c89f6aadd4916fefb1a4eaa580bcc148d46bb38f3dbf4ce0d4459c4e69982f9f262a488a67bbcdfa640d64ef7280a4992858603ed0d555a3b26262c55709688e46163d539947bb64ea30cce57e8e821879612ea3544fd2105c3bf6207182a5f945d6acf3f44591240998f43c63c99eeae2b8d4511125014856950c62a323868e41ed69d2714129c4c51c947e750f94152c9528de76f40549b5470101281248a80cdf666ecfe27d20213679ceaee2ab1052badb554b1f3828123e920e314e53205420f2f9661c6bd93bca273b2129ae57f1823032ce0c05ae7d137ba92675e7e8c5a6dcd405a654a024fa5666d600f38dc972316afc637d5e1153abee8df715cce6ad46784ab8c968ce8a6bf0d19bcb09e712c991f997f48a4eaca8f1f304a1b1351b2021359b547139a48add56e88d6995aad37c71bfce4a15041a888fb3acc8ff09581c21228484cd28572801369aa0a14245356c9c570f9c4ce305694caa1efd009169aa02058334efb84126bc63a5360b39c14dca00a798847ab33b19eeaf18a0f24d358a093866eb1c427998ea92a70f808d5506c7ab13266713e620244c989aa45d55bc3866a4b35417dedf360c047487f2fd7cee69f289b2246247ef291fac7d61c560930c24d80d23dd14d1e587f7448dbb0572859f5a26b95118c4d0821ae354490297b31aea09f7c6faa194851ae1250e920201a2ae26c899d5c6774155d7089aaa47c6242a0369923a2aa2e5b042de59e13979af48ef963776734cd914d55349dd18c7f4c5bc7879e97103da10255116187837246514759377387567d147c73536ea77ff289115e994e30a69569ac4052c523e8889e51dcd8b2242a19d3ea22709fcbee10be35415b9b80cb40f089a6b1c34a729f2813235b74dc730e0bf34aa03af0ebae1d9fdf3d149ea45a7180da2ac4e10129b079f15a06a1b78405215250b150569003a37d3f3cf49320ee38c14ac4942d1a69526a30958bc68e50e5dbb992de159871244ebb237e973b7bf34d46be174051f26ba8f03149134137a0c5594afbc47de3fb22a5b6bee94746ea4b6bf8e73d856fa7e62004ae93582ad109693ba935f3f330120926e8e91d917bff001ce5b6cea7a47180d342bff2b8a29ef38f9fc8d9150d53014934569b0c152051706fb7f319eba962c54507048fc7481c225d93a0557dd0949b6d3148db70c6095564c3838412708eb10542e526351b3de635cd584516abf56d891c9d5dd158a39942f15a6126f9579d4bbeee70566d3e6410da66a313de74daafa67a0d1d4bd58c25b6c4d46c118acef2bf01214260c62936184a924a562c545524bf7a3b5c467a2e098f844f79bed68a87085a7113d0051be9ac4496caa9e1135db8619967d584b6379c32ee8a4aee18c152adccd9f5b40da7808bb90b0674b49bbe3000bbcc756a40b56628b4399bce699b20a5330d7fe5094349a4b3608af59c3bcafc0ca54260c6b56ddcac39fd62f12b088087e497ee55cbfde247348d9055937e8fa457a08ff2ed227d34d6334eebc417284d66a13b1222928cce7d507ba290b6fceefb273951b0570166d27cc42f2aa8763eb00240005c335259aa35aa47663a3644d7ee1ce2ad659de563f82c8d913482a670b4a3f689a64a6ce15c06f2a9a9172ef4c0352926c50b0e7d6a97da11ae269ed0b331e503809e9ad3c73527bf4c1210904112966a4e549c2248128a489b6bc531594abdd99de503321a6cef7be2ab04f6fd58d5bd46c898d673b67e59e42b5e11496667dc2283360de5dc228b6399bcfe105793818a9bb95cb03054d5441d64915882009b7e9366c8a5939e68368cf231498340f64d90ae95252650e2b90d3071101d5f70cc94fe631d2382ab86925bf446bab3ceda04fba0f2dad16925478452ca0d33d9164002a02e19e4d7eafa44d5148cdb63dea8086d2129170fc2a90341d162c7f958808ca006ddf4543755cbe900d69526c508a395ea2bf982cef813b0d845873b2c0f6cfca1471569a6b1345b55a33aaf40ff0000d33c51f3cce1e1194aaf5c2b6745a4151e113ca553f553f58a2da425380cf2b55d911ad6602c8094eb2cdc203995eb2ae45c3f0d2871214836831d582fb1d83be9e58c53c9d53178c3e91246ede85591249e8dcec2be462b1285cee4a7e11f98e970354f0374176759a8a7039a9615f745115d739e994cb5ca44b3cb12239ec7551453da5d51378970e1608a290129c0679a8ca357547be2ba847542835db31a826abd46d3f88748925b7bf989b7bf18965a8007f391b9dfd98aa4a49b2289eb5bec2e03b9354b948b6a32279630e34e24a5685587484cea2f50f03718d6002cef4afcc8004fe97c4859a6f11600139db1df09e5a553640c555475cef7221b486e8970c92a2275f3d09ac802356ae27e9148abeb14327415ae29e5669abb3744859f8995646ae849b5129a0f77d228e58df407b539a0f257d62aac404a807103d15fd635545a5765cb3c635c4b8e848898ce3857b02aeda8ab3a07ab1215f28d565c3dd0594a9be9009914ac8eb1e1f9445614b3eb18ead0947210be8eb691bcf1324cf08a0e3803946951861c454b71c4514cef9c1894e67011247d4c4c9945069256a314b2b5511d84db145a4048e1f8b10a130627912fa13d8b507bbe91fef182d8fe6235d1f51149a2149378338d425230bbc23ae665eb35f48ea1c0af555aa635811b35ab0109180ce845c1427c842919264f200c8b8eeaa7b85f0e37942ba74a5494d251a2da67c042a6ca254ca51d08a285432aca9f212a14e8b42491ce76c348c992a929a0ea922d4d75436dadd4848250e51dd591cade50db2968a7269252a12a22d9ce50f2328ca5a424b85cd51352b9f74075961295dc55ff00f312ae5e02358f708a2c20a8f089e54ba23b298932809fc6cb8d82c3bdb68d18dd6f2a470d45fd228a8a9873b0e8a315a6622414a1c0c51702471113a5546a90ae462b1a721790341f7ae093ef399f75c41750ba07a302b9a612f21a6b2509330d914a7c4dd055953a5c78a40a6489f708280c90d933322534bbcc04b41b48160489ca2f3ccfc8456b90c13545422a4514e2aaa26fa8b870b04516d2129c07e3f45d42569c142713c956e64e7d43abe062a0ce50386a2be91fee19758f69357888ea9c4ab918ad3152951acdb4aee97c235b2750f65cfac5afa79a418fbd4b9b463ef8d7818d5ca3275725c6f37faa2d4fea8de6d3cd6208fb5e4e826fa538713f6843a5646ea0c6ad327822515255faa2c4f7ccc79423d9aa2c24c490999e15c6e5118aea8ebdd2ae09aa3aa6d20e37ff00c1a6e64ed938ca463a9ca1f6f852a43df1aaf30e8f5934635b24a5ff005b80c6be4f9423ff006cc56ba3ed0946ab883df154591bb1bb1645de31bc8f18d44ad5eca098a9877be498d6e8d3cd538eb1e3f95328f274cfae671242424701ff000eae35996cf3488fba31fa047dd5af08fbb223eecdc7dd59fd31ab93b23f208d54a4721ffaf6ffc4002c10010001020404070100030101000000000111002131415161107181912030a1b1c1d1f0e14050f16080ffda0008010100013f21ff00e3a36486ab158ab747f0af6231f7a37b25cf4ad6c6a2d2aacbd77a50817a07f58ab91ed54387502899dd1af6644a36134498e497ac63a74af41367ff0010e940c56d560d80fbb0ac0872f8252cf431fba829419a7dd45e022859eeed39a5a19af74c7d54fc5b507cd40fd690873532e1b6bf555894cadc89d285b500b332b11f80674e09f7fb3517bcfd14fb6b4bc2cc65a1d7b73292d8555ca2e8b3ef461528bc77724a3e7963ff00815829d6d3fdd855b46fd6d52c373a3a6147e13182d8a0e03b81ab78ceb05600da4fef50bbfc1e94f4c8d593eb401001b1153585aeedb7a9a5b99947173de95d5373967b55dd991e8e3eb284094a26c5ab4c3a7e057bde53b342dbd287dbea8e8c89faa32a5931ef53097d1869b22ced6ad00d0cd4564352e549086dfef1982e6450e29bfc0316ba5f36eca5b8436a62987267e9854a9d65f62d59981583ca2c502aee497d4ac0a80d271c70a1a79a829bb1eea58a5285a701eed46168d48750fa55e3afb14e1c148231d6938f01407bad87bd7a29ad17c3c0bd1321349bee719db0ae949ff850a1cf23dd850e92d5c97514564c6b60d5b486a59ff70f4033229a7236bd8a1cdba98e5a55f2d6d05583f0c4c5a33f112c56162c69c66500b8848d2c52e35fa2e3d69c4eed209f2c4af7199eed3d64d2df6ab9ee5eb95aa6e733a655b77a727f11424f55ed583b7d709a9ae853f3cd92b311d029dc95abe6a1829bc1dcaecb573b716824c44a71aa6e0f854444f172f9be1ac2298184e66353e81324acdb6f177a6be49fed002a80cda6996347eeae90ec3ec32a8ba0867919d5b5ba097a64eb5bfa967fe7827c1021070313eea2804c460f2d3954d69f656748f1a2a5bd1714e5bf515735a33f8f03463e03d75a1816367eb582751f86b1abfb03c4b449c1b7212f4fd9b9f1f03d6a1d0713976a2f20324a8c2e5b83ee8cbaf9999fec7122138a7d55c9bf6c1ebad5c39b181d6a47f60fe8d6eee096a184d569e649942b21508c4b9cd59fba8f59a952f1236c7ad202e2c138994c614f5de8b6fb5104e62eb7a9b691d5e07b0e1e9817416bd0f993458316c2800fc03b51963c1247858d9c1c390e55167f3ade4e1eea153b114e63855f70c831ade747e6867fd6822005d5a988377f9deadd1dbb8ab533ce6ee3e0a2acf8111c82b32de58ad58c7acd6ffe57c7d3466ddabe137c5728c5970d9b8e547cf582033133a47e00a8194d3c3d0eae13157b5218888e19f1383e31a957338c1e6545cfe85ba9951e7ac12478201629fbaab3a59583d0e96a22c9366b3be8ae59d1ff0056a818419ad02a5e90c33737e8a631baf873a1ab408f6b2bd572e54613614a2e3e745528ab15cfcb2c3798d042d6d5ba942020ab89834573002f51b57b7092cdbd9a2be3f30e051c2541b8993cca8e33797fd704121c2959b17f4d6f4edba27d4d4de91f06852dddfea72905b6eeee853ecac580d8acf681b77e051e402cb21d8a377818b4a4c9eff2e686f4d3500539b01faa9dab317138598bbdfa516bd63c4c4a49927e1af56f6af6ff003e37c828a383c4bf25b4a5eda62f00c025e6c3ea3570bac5872d0fa50a22d61cbfd39d654c32defd54e6f5aaed63f1e8ddfda460a5f84f3ddea7cb389c2e626252c0c1254c564beae551c4508e7599726e1f74e331ebfd3da9c9d3d8ac772f9e36f11c4a380567461c0684b8f04a858b2fde69c0989a1048d361c7e3eeea36a0d46cab0ff4b7084e47f7b51d25e51bf3350d2d770d9fcef4d1310accf053096d73a666f8f9a518d3ad4d614dd2e06a0eb58a22e1362d753b56b8d0c4fed035db431bf20f01e4e541c4e0709b5434ba19f27d50d7c2252490d01173711ba69eea9ff0dad15989fe8da60ac2e47eeb18cf60dda409387397f76a4adf899889ba9f3c6b970c46a5753336a4fe6852f87547e2ac8cbf95183ba7c5151c0f2d97191d762e14993862e34c71a9246d00d3e0d2519460c9bffa2c2116e06af8abec197eaad3e95d5aa5978a028004ad60c8dd09e137adee77d09852ff00835facabb3d0269e25d011e59a56145052ef71b529eb0fc3f2547f8b87dd40f3e23ca3c051c478908cd4e7f0526dc0116dd3f45e871d48ebfd04dc8b4d6ddd8a070b28ae7fca8d1973cd0da967c1689f8452ca5af6472b1fa143bbde0f7a813736e56f7e0adbb509a81343a9ecd3b0a0611cbca4c3822f85a9003117e546b360755bea8c14c00beaf5ad3b5ba87887557afa3a6d8db9f08f01e038153e10d153c1b05d0d6178dfd4a504b039d11d3172806af8a01988e2b33fce60b483159055c820648c853390da1da2a6780adce51c66b7adc764548ded52c449607e0a8ca820ec5f679974544f3a4659a3b87b55b0991e85bd5282bad5f56bd772558917a6b16afde35790ec87d4a935751a0605d06cf078953c0a9bd4d359d4d2a9a383e6448944310397a9504401a2a7013f3a3651e51cff00980ea009572a704995353773a8646ad389497c2d9341ac8e5e32a57665f6785a48fea5376b3f236a1e0a1c6f4e1e6e3a188f6f26109d940ae9a7fed5310cdb7dd63c06b9d4d1e21e051c1ce84a376dc25c54269809c2787c173a4c243fca691e0820fa7de8ad639cda6ee436d23efc447bd533a18f27187a8e8d450c5cf4f20f04f6e12347ebf324dfd81bd0f64662ce67d567c4e251c0c6b598a309f081b861a0ac870da1904847328ab97bf0dcf6a19ff265aef333af22808657dd968963be75700713032b98a51234a459f958d310b11cd2c3b67480415825e68a55191d38fc52289495d6a62666215310c7f74abad7615d7216f14b5f0eff006a59cd1591e43e1763f2df3bde11f5d6ae7d83fe784f015b3c3a8b75381aab645896028a71ff0068d9ff002149012ae548d4c792d5cda98682e41a709418c4c295c99366e131efc56ee971a712824436098f414710c641b0fbf0613eb1a91b971b8d06348048f4a102c59fb0ff00c52f7a815f89454ef8f7183533e2c7af9471e55f5bf9f39a614208e239d6301ab0793972a76854224278678147817873515cce02b51f723a98d1ce1c89fe3c8ff40d3d6b2d4f37bd2e2a7849287dcf20a252471ef83b91c7a0d8396fc5416999c11f7a9c0acea5d9eebff2a11aa77053e567457e4b5784be17af45b0af4a15a88c7c99059e0fb3a957ce62390d4a7c39d0c54d4d153c19daa9132a136c6c99342ca21d699f43aae6fcbde8ff00154ac53ea972ec834ed4ca7ee5c7d47e3e485b21baf83d9e2503dee16a3934b1a2433f4ebc6e7b4a75c6a201693ccab83a1f2a3843fc21fdf12c612a8037a4000b5f3a4c5f4a96bf67fa54b8b7356f40120076a954019539b8be1782292e79ad4adb228c76e7c178e7e21a9a517a06daf4a1d2fbd4c0e66ccc28bb055313fc596beed93e6a62d19e6d248d6ab297931f8383b5a0f9f2b04ae6e5fc9fdf04690de7ee1c1a636e2f24a29b11150c32a6df2a2ec6b4f92515ba4bb01c0a40a57c1bd45a4eb2faea69bf1deb9ec7727e78be41fbc6142c672e7a3bf80acfc03c2686af159eafe29b943b11b68c8f5a03c06ffe1e2e996fb54b9627d5aca935d59bdf8169317b65f2fb7010ba8f77ca43672508d1f856c0faddbc071b1fead4f6e22cdcce4d2ade6cb2a42b892dbfac6b1780a0ace8ae0ab62689ea0a2a6c675fa213af7a5492a87adf13890726b5cb3e8a0ce820f969b9ad897b953157e3408e16f3ab105049dcf8129b0e440ee4d0b77ca0ee78f32d12a58e2a0c1f7e169f03c18f2331a9a52bf270a53e2967472a9d77e0dcff000e65ff009b3e6b0b0373563e9ef4e8e2b346353f9d6fcac7732d0d85b3a549a557efe602505897b0e66cd4c2d9e1e762e10113eba3da69db8241184b8d5c6a21cce65417e30cc307a7dd08430c665151515855d0762fed5ecbd01da8602da229c1576451c160261b8a163f24ef2929f151da4e2f4278c24a685cc6bb3d68200000b019787f04482b170d6b92f1e660d10ccb582efabd29b3e2c389b862b5a86e68609a9e66684ed667cd385e805b59f2d3500983fe0b8f0a57429b237876c07b548ebf357f9e0636a7b2674fb9a14bc4a738d2b35c8bfb3ee3a3e27c6c4b008c275a8fead1d97a8066b2a7aa5fd28944084664daa7c50868b47b3423eddacd119b3fcad366e7f2ac25a942f3d40a0506d81937129a99903d96293356f351ec70c1d70749c5ed51c8adb1e226188db288670e9473a25ecdb7ad64c4e64e2a3782cc77fc76f03c1abe9288dad8780c7c5359f74e7b522926722a0dadcd4a9c36a1df3fdbff00837b7f01f1d687390ddb0f5f6acc7b6e5970312b59e3cfcfd6953b05e68cfbd38c54b68e7e71c4d9ee757c28a9c9ea3a17b9254b4503241bd14c54202d075eb109f0187046b041d02bf1944fcd6944c7f7be7c86ae6a0b76e53f1856be79163f0edc1fc3406498340401741c81de9bab0f0d80bf1b7ecf03e2786639ea3fbef4252b0578b6b9fedbfc181991873c5fdb520c67fd83d69e226175f9378ac45378d5534bfcc9794c716f407a3d13dca1f10a5de0885ebe6f3bafc71462638232245deb31f6acade08a8a226265d28992b585ed592f5a3563ad097deb4849ed1f1c0c2fccb67b50f931b304f6f6a52890724c686675b940e527b94657a962f1e18ad18352af725dd81f2278cab9faaa6a1458f31fbde9078263e7e29afb6a0fcd753fb48f0f395e0472c30276926ad1dd10e907bd7fc158e2d53b40f5a0f72777e688728a701a8e6796913171b1970c092313137d0336b3c6588e6fc58b1482586070e7bd02260b0a89cb1ea30e2e92cd3eaad51c4e73bddb54720b34f4615e910516473851be73d70ef4b2639a2fe0f4e0c6b1396dfd53df820105e60cd369846da9d1b781f0b582cc9edc0b26a3d781bbe2b213dc673e6b953c6783c0e338b3de0ac20cc5482d536c3d3dbcf9ed65d0bbf158ce3f48d5a94f80a9dafd1149659d7c2c1c72715a8e4d5d45ce743ede328ab6db1aba7191b5ad0a631a6d4b6710411a6869f39d494209432fd6e1b441f9dead0dd929616cdab1b5978b6c3ef400004060716174c639429804207034e42b52e35fc7f32e0d784117307a353d9ad32709e56e27f48d7bd116294489a9e404a1ad0be958efc396e9f9dfc2f069a861ef4cba784c38cd4d3528b6eb47f29a9a7d3bf93479c05a1fa9ed15ff001097db4f8072117795054eea17f20f550de410e5e2002042122694028af8e1a9a9ea5478b1e271746b47b41787a6c518df0a94714f7502cb01cc8fb9e018cd29954e32ce49abbaa42c24b4cdd5872f0388c35039373d4e5c6cfa596ef4e9d28b0cef03ecf4ac1ff52c29e33e5d8e9e137331dd80778a55c52e6d73b18d20f8eac73ed1e435603f13f7d3c4f826b6d39e59d3b349edce4de85948e2f35c2a5ef84ca87ee817bf863d990f9a45223af217e77adddf408f8f1e185286c560b6da3e8ed4a6560108f8048910056635cf8aa3c3ca894d85f6ab0a5d2241383a8ecd1233040ece0d2139f28a0872da7c2a008b97d8dd736906c1c5d0cea3f30c603d3733f0918db9b26a68fa34da3e0709c477a8794a37331d9adcb4f18a261827869723df85e25c3d0bfe6f5c883234f0bc1e080412b1de95d9c01d4cbd3cac553d7ca16a13d23148ff00dc0b7c1e6eac2c736c564217ef47898a39163dbc38ed2395c5d8a813848e8450b35c19369147cf03c779664603b3a39d5e84dae3e7f6a8a4002ad80ce8712c4f8788c6873cca51be1eae394655ff000a96781f668b8192188d495c8df736f08a876c72315316137ff8e5574a8af3776c78346df2f4bcfd75a6ecd47077f14f1c0839fb71878f4108650ef50c28e5f726b7a5a7e4a0cc8ec5cf9f0be137a99318fc9fe94e15a13fa0fb2b3f32326e0e85fe29682e7420f7a52dfc0092c04ba50ab889db3d26adba08c063f742df26517c761e77b4f75e4e4993677a79559fccb768a92818245b5ed4ae58514bbc527086ca84c8e7270fa7f1335146b71f14f0b4d40f568ab86eca62f4a1ee559565c5e177719b86fd0383b3b509b792e2f4f123d6a1d6f4238182f938faa76e0d349c0488f431e09a165984e77299ec84f975abc7893663a666e781a8e10f61ea8bd48e19f94c5566ecbf07038839d8f3602fb643e2a785c3aa65a71f04018bdb8b53011ea9f4f7e196e03081213ab580c5cdc42cfde789e44d4426abac524cd531bba57bd2e58449a1a3660952eaf09bbdec48f43d7c6056cba3895ba5a7b1a8fe391f877f0634eae9f663e28a424621bcfc08507c61468ea55ccdd253d9a0d9f5b7a2ae9f8c896ac70e290d25108ecd1bb3b60ae9a3d0d6de19c26b411072cbcad2c91cb0f9ac2d479dbe4d9f7ae5abcc8b7ef9f9ad8de8223c28fda4da9baed4000c120343c9ca7233f10886a4e344e8ef53fa6d0130dc064eb5afce7d87eea1f8d9a1dcb2e5518d72a906f3d3d38c989a07ea8bf4a927211b4f8ade5a65e9e18d7681b289b0a518278154c163958f7e048ce4b6c0bf3f738be017029caa6d4697d7286603fe2607ac5603f9709c5f1cb2ae7f0f6f0b5021617a96faf28630c6a2ec0bb8a8a1888732f500e67bdfe6b01e5cdf84fb2df151dd3e0878519509b72c9ab77ec792f6256f47ccef873ac8fea6072c2ed45bc471c39705b3223b0fc06ad4d4ddc8340844185756632e639b2a4b0f879203c22b3d05ccdf4f826210b3a7e0ed4f0c0fe1081a03e669186e53ee57a43bf35622ea3ecd7c6b7e2bf215cea1efbf95e98efe686b06acae4b0bdb6db540fb04619436e11862e756116c9a6dd2e7879b97d49f8f2ff7845ab7bc2a416e4ec93e3cc278bfbfb4a3f0b3f3e0c5d5b1b1fd8a111111ea7abc836969586eb4adbdd5f0837c7c91f6394a338c19037dea5992c5cce5360a97ed3ff36a00b58d81a6e3b1585fee91d2ff00a8a9ecc2c01010b604d2e1c9bedfb8acd830c4cce11c2fc22e7ad478a6c7b05f77c76e257d602c9a50ee8c313b7ede09e135356710ed5366f6b6538275ef4622903bf02626f44d38d8f27e637e05322fc8f71efe19bffd38f9a78be38dff00dae0bf658be6bdef2b651345fd77a28b87a023897628a55fd1e1ef0acefe4600f233d9f97a8f23b1ce84b52dfcf76ef617a31a66e60ce83e127af14f54c179856d49a0efaf0bbfe1062a9dec27b50c1df3ed5835304b1490323abf3529af09fb2f2232dbb2cbf7e044fb3c4eab768a94c56e9ecd7ab6bf157e0279959cc7eebd7b6397b57aeffd55eb7c1c5c7d97039ad9a5e18dac6dcc6d462a2cdb64e8cf0d3197b1f7e1dc0fb29e0f913693dd4ca939649ee9e5bda85f550ea0fad6e07bdc606fbcff002a5523f12de7b79c0b813c0f100ad652ab9d4983769913d9b75a00000b03234a6c9c3cd23e6bd2aaa0389e1cea003fc96bba1ceafe6c843a9f4508c215ce1b948c8442388f8dc23a0311ac23c0b9ecdbc28316b50539e956708a918772935735eb4ff764da63cf1a4f2a3b24e08ca62d931fa9eb51c399e8509eef097feb1e136b17a57a2e0f90ec6ffa34d4f24f93f55e8cf2949d2859d1fbd394dfefc4299b2dd22b037e3a7f67862aa2dcafc80f8f250c61c5203ad4c5fc0dc28e5ca92de87d517817f22281d707c0ae60a46ed0561d0e3736f59d5d2ac762724d6599ebc2246ef457a77b78e036592cecdbd5a64f8c56755deeebcb8e0c95ac9f67ad65e3cbf87e9da8ed82d9ce9f04708a82a29acb767723ec8e198a7eea437b86da007ef4f0c4da8c38e5e3c07f71ad68731f60a3172797628fdb7af5cf7e05d06a2cbe12df1edc0bb15725d4f3afc191e41acb76dfe5f74c88f9c2f422b6c046d088496a14dc01293d2a78cd286e0ecf9c69bd3a5ea61ed490ba1256d373bd4e4a0c1a1747c579dd1fb3a800e3dd379e9d5ce8f0731c130d9f3e45c8b2cbd2acad876d9dfca9744bdf850eddec7ef8e25edbf79e1cfcbc7cbf3e105abe3d0c7e5048505cbf98a31cf7bf0c9a0eb353197fcceefa704da4609f809501a020fa1e3953919c478bd42aebd22e2a2162551ae690ab148b688aa49ea07f35150bdef6547fe7f6b5a9de5e1ccca842d8931ae853d8bdbcf4fb51f10924134c6b35fb221325e2f5811e6be2a72d7a7dd58d397ff168699f20f8a1275773ee28936486fe2d7aac8f9a1380bca90c47b709384bdf7719feb4e33e14933837dcde8f11e0609e4ce9a4f77e787e42015c91df7f3c23d3aecbefc2d85d9a307946cff71e0a59cfdd55cdb4795bd15830585f52840fc4f08d0c8af8a9e303d4bbeaf033ac0b6938bd8699b3d9e0764f5f1e6ce92221bfa543ab06ff003ae750059c254a485537a7131cb8fb63d69361e7d3dc8ccad665c34b72f59e62c231ed3416cd19e60c1e6f4a71d72b95e7c4daa15747ad3b5e9a6542c4273bd2600884b4bdda8539f80f515a95085f48cabb6ec2f7a603627d9505f9b695e9ac7c54843e0949de850b80ecaf4dcd1f233a5d9f5396bdeb95cd4a9f199454215a183594afd50d4778c5726ca12b3b5a64d7e721ca969a444918786dd77eaa11caf285edbf46ad3ee362770a86b110b2b98b3ac484e7e56e507a559ac050ebb68a96c949c8bbf34a475e13c32a79b1fa68791923505ba5bc7696bc6ac9e8d60b2fd22983d4a7aef75dfa5eb5600f66ed43928eaf41a4c15c9b43a9a34b264948f4d5915cee07b780a28c2b4e1cdae56662b324ceb350c22f4ac5793df8146ecbfe54a9230e8a708a7834104182e034a7d970d71351dcfef907a7e248ea31fe34a6e2f9bbef58eae7ff0015f90ce4d07da7e6acff00e79ee57a912f8a96f8c433653e2ada844927995ed22fc51f50c912b399900f6a90c5a599c5d7c3cbc3bdab3a783e38bf2215dca05432a7f36a761771f2924a227c7d468dcb2d125e86b20c7572a185088b88dc973695f5255d6a0a38ab3f5e32996b16ce9bf11404a21206c9ad6b4fbf9b08a70cdc3d79fca003ff0040d3de0b7d392db4d24636f015b29900d24b7be13446e295dc3a5396c7d03fde361bf1b73a0c58b83c5140e17f7372b20068380d7c6d48848c9647b59eb8ebe131adea97755bedee450c54dd97b3357fc349b30b72a9ce2abbb3f96f0ea77abcfc717c891eafe383d2bdd958b9fe3cb867085de6a3b5009c2e867d2a2eadcbdca14df63610b77a7814381e899ab030f74fa47c70dd225b8c252864c6a4c41c7dcdd5e854cf3027aa57a64c46a4e3847c45eb3f269d850591b47028a3d2b4f4ab93185eda54cb1d22b032bd49989c89b561c67a40b83d5cfdea5d32a69e257a124fc11a9f54cd049a5f8e7e006e44896468cc0cb59e8dde8f4f01c06f76c7aa9c5cab60c7a6a61a0ec1588ae775dcfc3cfc8e96f9f28a8cb9facbc0dabf481f3585e7e5c3b2f59fc52c0fe126a27dcc0c688c6f92609a9480100d701f9cf8201001c4491abc38bb5413f6de30b1f7aee4f7f7e034d7477ba2af62f61f72bd7e1f834dd00d3dbc353f0e6cc3f5ad39186c733154ae61dce43e69e42b5f9d1465d39af9af69d2f6a42cb9fd7582e689f1467139b15907b8a7bd1b596c6152fe223918f12855b25a606ae4d36f0c500c9d637ece5a348a410591c47c6b649c21244cc7528a04cf10b3bcf873e671c9e55a27ed9529e63eb58dab668ec2b965f6628c6bf5dcdfc30e61d4717df8be3e55fa482b126a69cff4a0c1f2e1bd1eabfb4acf907787deb3a7f82bea281316c1184724a6080f91d3f3a793d2b1b1ed55fd84dd8591a3b76f16c71b2f271286dfa85ed69daa5316ca47ccb6a9ccd9c1e6e890a6917539be76e064772af82289f1e82064a3076ba61d2bd6013e2b1b7d0562e3cc3e6ad627a08383cf2e94d9e1854117f5a733f63ce8a959916217cb0b5e81efe3e2b03a2b107377f35ecc13ed5fbed72a0c11868419727a9bd72c28f1320b0cac0e9fdc9a6536fb5367667c31b6a5291fc95c8e55b2abd6ae71f935baabd54e0f2ab1987b3f05b170ce9d6cefaf07c8d83deb4b2ad130dbb414bbe0f6fb68208f2e6d76f90fe1563005f75493da9d700c3c0b1e3fe472a4f1b64fb3b57e2d00faf267860af82052d46f126c3faac5c33b03d3ea819e53e328fedbea9687f489ef560c1598c9c1094370d4b1136f05b0723be074f86a7bd1c7004b86baf57bd40cb243ea0ee575d9453f16ab62615897bcd2912491a183d3daa348563d73e4db8942982ef4ab8ab536095cfd2dbdbc8515898c4721b9eb851dc4b324726897c50bafe68a6148e259450210c67f551e1a0ba64a1fd6f5baebd691972adbe3e8f0400c175ff89f2f447e33e783e7487545186653f3e6600940f54d462fdcfd50045fee71b5d67f873a06cb6d67a8dcc68402084898264f9204b618d075cfad38e3ac8dbb54e437a977abf3b490a7466265b7c69eb5f9f11834889e61b565abaa78a362080e6f0fbe94aebae0e3383d3df81c0e021064b62177bd05180c3cf9f5e2a19297a274ce5ee76ce809964c3c2824249a3564992dbbf2de43cfaa5baf47cd222024183c25d5ef5b8efc25bab558ef461e1cbb75961e9efe5c2ccd1f77e3866c337a107ab4081808f3310b4bad2ac555732d4535eb951c462ad4c24c68e758581339e7e8f67cac30a81e742fdca516d4e45aa0a126ec957b5343ea6a7bf7d13f6a353de9d97cd184340101c714c33e77f43499675f01c012e21e4a1f152c51fc76921472a29a4500187514414c85ef72d7bf88d6961332a539bb6cf6773c271108497b37e74f296181536ac729f2e876f03df9788c6a16901fa728e185d1cf75311f31a89c60f531f51ad510fc9bfa9e0b4dce0e8eb58d1486e65c9f9a48679036e661fe094a540a9a05da8598886cb31d051454f09e129e43ce25a0122b084b2c0e57d694dcc384404fa162769ac5ce6e6b26a464f07b1dbd93c4664e718ad4deafb798e075384f85a931ec13dff1dbc9927ec0fdbe07c6b888fbea02d60b1ca898c025a7377fdc9f6a083e6db4c1752e7a94c5e3c7cf1f514c98859f0590bd9c99348c45dfa33f7ac1ccc7eb3b7950e8f6f11413d0d18d31f41eb4c1c0f52ef68a3c3954e9b0ec0e2b88dc20c9fa78414216327cd6f514bd11ea163e3b573c7c581c6fa9faa9a2f84fadbc8cb45732fd3c681602574291b92c1d061e27c33fe6faac7cf0c50c3d07b4d0168b4fee9e745cf655ca524414e651a4a0fd4c4ef34f122f208d91cca9e2ca3714427750ff007dea442e75dcbef1420b0bc0323d7c4088012ab0050cec0cb746ef6a7be125e1de5f1157759fe8da1d6a41d5f01c59907eb16b0d775957b224f46a3688672f42b2e0831261729ff8dd584182db31de7c602015ccf76ded40f2e8c40f8dda2a431a40205633d9b78b076261969ebe6424bf2e597a53850fe4681e92d09790f3e3a20fab0f92b53ccea7c34fe2dcdb7a6866f0f1933189b9ea719b6a25a7a615611358f62de951633afad7d2a65ca95ed8d2463510eb80aef2316904dfbb01c9d9a703c58f6fe404d32c186f2657783a703c21151b16eb0e8c1b615814e1df3dce235036c4b3ca911dcc9d1ea87af9192dec54cbc72f4f23f0d1ab0da4c7f5e0c06e9e7b75a412e4bb6de5a6971d8cfd28000605836a25480bb4e59bacfa3d07ad46ef7f3ece49e8387afbd6323b90e7ed59f0c50936cdf8b2e2843128b5a769ccf0e7386a31ab26f8208729a587ad59e6f851dc9b5e730dfbf8f014012a600dea41cc20ebc069bd0cf6106852262274f1140392a0e587a1f4abd520eb14353a5a5d6993c28eb107787ac35828e5e138f6e11e9f9efe472825c349af56c05a3bf0e558de4b277f9694f9783ff577b1c0d2504237c5ed3422c20c34fc7f81a60c3a393dea1119506898d08fc2f9aea54610e2b4699ac5947335e3affe9bc64129c1a9bd21619ae23934d05b3c741a84d03bbb5f3562e2e09277e192e462e952e9762e49fcca6a1258902639e53ce6897c628dc07d4ed58d4a329ec51b45cefbd04ce10440b326bcbc251732696cd9ac5fba87f1c123b04ef6ff00b566f72b9cbc1367f04fdf4a77323f29d487c992bead67fb7a7832e33589981b3dcde87e9e066548e4019d9737dab2a7ca3425a0d5ab85104eae6f7acaae188fc9f029217fe0ae025d9c7e1a141037e8fcb0a76302c95661c8666b452cb8683c0ab2192d9ccf0a17396854220b05aa77a618209a255fae6d857580433d2b16ad24fc541916613dbd28ec230abbd541e964201bd219325891cceefb549b8fb3824f591cab9efe02a6b683a87ad63ef16e2040f4a7a1c6989578b04f98a87ccddf2cbc063c60c304c4e49538f34d50f9f67924d82855c4a842a3ec3e38e5c4ac284906701fb614c0992315e0f9515f2b7bfa3df81c4ca2ce8077a72dea5d59fb9a8bd1fe0c6d9ec8cbae14901145c731ab7802c0cbf13d6b068a25389ee3ea812cab8edc22af9bf0c22fa1c26a783452ce33776bcaadbd65b8759f754b50cd806f18bcdad9841e8a85305c722df1c3f0c48d7ad7c0c0598d9323ad0fd25b38a4cd16d67bd3d5e17a02f0cc26f6bd5e278469bd09df9c67cb82ac861482f0c9e6172b9caac5160d599d1e078e14fa28d7dad27df8d7cc92510356b037177b8f0465ff0021d897b54f622c9fe1c558e92e4fdad058dda9877c29c4406134affa6d2a7fcbcce1653a3272c4e0568c63c9e49c1b3070032eed62deaf3443aad3c1c6b855d773bf186f490357228ae2b91df0289c5912b20d93ad119c10d9c1e8d3c07b6ba3baa271c61f6d0de57f573a94063451c81a7014a74b1372b7692706e28b1ad8965d051478f1465c31ca4a3742f4980d4a69f03e5b5606c4f3bf077e17bf85b53229f5d12eab8fedab5e33e7fe1c35f7ed3ad23b8fb55865f87ebeb8d61415fc3b1ac30c928c6a21c22799fce302f341c27c4dcd04d5f660fb7fda5029199a5909cafcf114a38a69c6527ef8edef5753daabc2c4a337562443831de94a77f03171c8928ae677136e8e545d7c263fb5e08098a59d40a04de1986e6d5e8ce8251e458cde6b3e9a5bae8f08f9769bcddc35106306dc19add97aff0027ab582f4f9ff88d615ae3b67ef8d5f0c795a74562acb2c1abc3cfee7cd4a78f68ff007df847685f8fae1caa1dc91e47375035293ade80304068e70fc522c944cb425b708a2cc96e5adc8ac52e3c2ffd61d81de883ee15d3f7c710c10095ab48d98e61d3c48000635e0d9e1c5accc9c322bf8f7293f93151e48d9877ad0d5fad59f15a78bc4e0f1b21667d0705ee0bfe0c8c6b1eef15c55fd3420e5fe2e18e6ceac9ab99ba07de8d3e67b56beafcac2987cb1353328841255c76ae6c7843721974f20ae494f6a93e667d3f9158c96f74d6ae71896ef8e34133be63b50dc66e1cb832e6519c2fd8f535c88e0cae386a3462b8180c9cfd834a3139880586d4c90691f9a8f27d67751701158260d482162839f845c45d0e8e55701ecd65f3c851e46244dce41474a6c8df99f1e61c46fc6b5fdc1ef59d215003368265c5599af5c79454eb030f9bfe3e51281aeae952fc33b951cc782ea9f25490653e6b139702ef7a33a8f62b22b924879534f30fc7d705082cac6f6f7adb816a3b184d8d08df2a8ac95ce7f431a9d15e671e1305dab1b43ef52d388ed5626ea912a9ad163011d1a587671b76a89b304e4733bd0c4b35b7281d3894846ffd3461e25c419905637e530fb5631726969781e27c07023287e26746b4f032384a61c4b6cbe6edcea470cbafcd0002c1fe3a497a9a87a4ed4c951fc11b95775b016c351dca37520371b53378867252e0e5573eaf24d58b257c5212b1086f7f9f6a44304743faad4b7753b38b820a382495a2e3103176fe54cf0bf799b4d3ad096c2b954041305aaa4d401582b36c4a2a286ec9ace9cc94ac0e8bc3ae1ac2df654ef79957c89ac180c538512885c5a499adde08b9f215de958b17f56fb56e75d61c8cb8be54d1c25cbe07ecaa1ef20f5beb843e51f99d8a2764939e5f95fd6ab0b8eebfc9c23dc1d1d68cf917dcd6878a494c353b3ef53a84d3c91c295e757b34634c60d569885dc728a3c07833abc7f5fe282f1102dbd5b023cb7857d7bd3765ce9db862ba82b04563fbc0f02bb366d2a392cad6adadd83aeaa90e6179cd6e54c72f6707bf924470791e7418adf03f718d1788a17a65ced43ba11fbaad5a0cdfbb4ae84c525e2705f21e2529454018ad5a415e64d1c12c61dd742a3e5b3249a5fb3ab296323fe58a02c756d4ac0c4e1a50b87b2fe3eb4f9133d2a064f4209a08480ecd1df4691208184713c89398d9516718763fb4a5c5c9a070160c03bad2e9d33b8ef5d898a1bbf22b1cd6cc1262568602c6428a16c134189261d0299263cfe1f74084b0032a41890619b99f968ca606d247eea1089c107a7f882522ee5bd44958b68fdf052a009569009d892d7f6553225deb7e5e82dfe605c4ee6f484d54962344858cc25b7673de9d1518a1b42bf8f000c625ccbfade91200c225ca7c47a122b0309d48b94557c3c59762a11ac622ce6e740230722c715b24f43f750c3858f7bddacbf30ef6b2c408e6efe9511d38c412db16d4c9835949e03833850c4c54e901817fe2ecd6146e990fa353378c6fe15d7c0f1383e12801574a0002b73f5e9c32a5580b633fd558851a91fba39e0a0ff35284d2019aa619e4bf7a50b27232eecd4f6a2e5b8368d98b0dafdd2c0b44c4f1cb01233b9f8a0ecc6e5b7802686f087ee9c2d1fbee1e9508138b509fca9e3838223fa52c6535250390c1f6e759662532307b52e35c2d86a3caecb4e5f78a6fb6b688159c070e28f90efbe834a922be23a9f558e6ea19bb1e23c0f92b99a005d6a3432599cbbefc140bd4608d87d1ca8552f09c0dd462e38be2b5ff003d588ab23538deecfc3bd3c257336aedd2e7b87188ed9e1b3a9483361a0d4f14dad477ae754ef7f00cf693ab4b8a3dd6b1ff00835d4cd4a95d5ae692faff006998205ce7151f39be6b999347b9badaa631720b141d196883d28c3af39ef4c0aad16780b05a5331acff0045594d1c340563ad22bd2c0bebc1783e27c87ed963235742b0d89c9db651539d2a6925e836a57e0f5742a1d38dd47ebfd082404235604c07c6efef4cc2b9a0580336bf0c38ea4e0e6b51a922e3627be8f875faeed7a8b613a781568785c1a800e7c034cedec44380e521eb5fbb55da7098f328b9cae1b662a5c1e315bb5a1ddd296260e8740e2bcdde6fe5061811e1389e415c9ad2c6c6aed560c9c5baef53428a02ead269c14e0fd0f7a57620777429a2b17a9b1b7fa31a42846a4b1b8b8edfc6f4626457508fdd4eac360f3b4a22044d7820802884491a5317abf97c5220112c8e5c5c1e4d288739380e32d68422dcb9a665351adddb58a442cd8f41ab4c16f9e9c65e425ec98a27ca7478baa2e0ea0f0c2455566a2deb53e4cf8b382f3502dc533bf0e58d5a28c04072e0b207b9d2a7dac35eed132beb83ad2e466dc7f8ff004acc45591ceb7a6e3d06bb3128122499c435a9540b1df9da9480a1ca67893c16a0c6ebad21625b5ffe3af0f5ef6a9de4de88f9a7c2a1a80cb1672a3f45460cbe8e7523660233e00276c333404836abcfdd3ccc28175a869d229c51f407b705c3910d51159d4a5daf03c39781f06496c590fbe45186ee17fa712e29cb1f9d0a5b354760a6966c2fa3ab59aa5d71757fd430ddac961355fc1cf5a34ac1422e8997cd11746efd1a3491ea7f27c504011b23834d42eb9e5a50459224b3c9ceba6829f111cf3d2a0817c74b7e12875e860504779b3dfc48fe1f36f629c6862f4931431742542f7007871a68e19d05ab63df939b95478b172fcdce800980080e02156033a31b66bf87cd58a90375595e7517ba7d9db7ac3645fea88261e31f1a27a0d0cdd5bd52d775f9d499d11c5430192777265ce87507104f21e31358bf1fcaa2fc00f15e1815c833a71a5dc2c7ef89219b364c499f1964192bd28d42989f32b702b8e4b6f76af5b871783e2d44b430e6d19debf7fa51e27c88ac08296aff009cbc4fe75a72ec5b4fba84b6dc296924cc41f535a08ff582ef607234cf73123b9c3b37de9508d85b2b446eb6691a6df2beb994a133cfb3ee545996f4c2c002981f8c3c4ed1b2fbb3bd027849be2e7cf03951811ac89f7a1982e4063a78a6289336006112e2f06e2248e4d7216f9a301d4be48e2abb1a8ed0b7fd5a083191071b55b2d5a663f6fa529966246bf7504d730ba6b58fa7f230e5fec2223907a2180d9a1b464197b97a6f47d8b4dd89b6b4249073ce4e250ec64dc309614bbc30318ffcf15a1114bd4a1e6c426619d4d2c514b673440eccd00160101e339573338f09ac9f8bf0a88784128175c8c6a09e4a7eb46bcdb1f2d16cec949783a54f09adc853582e912fe6f52b7582add57cb3430dff00ed0c1e970f3d7da88000b01fec924870a2df749d4f2f3853b26481fc11ca147c8fae3fda1a436bb06d88a4f796391f98a509438647ad36e2081264df8826e2a1e32ed194e3ea107b7150389ee6a461b2d64d05266b30f5abcc884a1d26b29b697deafbd3cf62ad0ada3d682e4362074171a672a0b6e813d26a2bb1bc4387a55f06ad30a83beff2a2c11dbfe07ad6364cd65ef47f03404ad43ee73d4e5d283e9be6e7affb6088684491a4d6b5d67d6f651c873513a9ea9594ca4754d13cbc25f55a8b2e7c8f5dbd6a105dff0082e3d2a14a6e4797bc4d6c3a7a7173efd044b532ea0a0762f49289b8c4e779ef954cd426b0716f847ad3a7d88e2f0413288a710b822a65267f74ab2aa4c33337487aab01f75611dde94398c48cc0862058151c5f7c896c4c43dab1d2d1f1177bd34139c80e856c6b44c7d563e4c565eafd5436ee318bcdff0074d220baa3ccc1ea54712b3c272c5e95dce0fddb3460820ef427022cdc3b3571136e8cc0435a4f7d54dde39950f8922b8d667c0aff008aca3d06aece94016e2f958d262614dac8cdb530c12108cc30d33a637a4890d50936a7e2fdcfc0a9e201da3f1bd248da8f85476c6d73a4851f67db1a89d00ffdda2e1d9307fbf4ec1a052ce87cfea8a96e7b7a4cfb29a64b55f705461ce2dfa43daa2cc668b3507aea977553fe2b92b58dfca340b172dad1eb9d01348731d34acfa6280bf2d2a3bba323da8ae744d88185766401ead3b6fcc1ec55de2fd7168284da7d352997566aec3482a9c25eb9ecc6a19d89877c6bb6a93ddff858a5b647ea0bd00eb6f454e4683a7b4d4f43bfdc22a57ab21dc9af7107b8a3d031a9b23c9a5e77a56a2ed5233f6a99fcd2cc8e60afcd69c871fc11417a6fb8d7bb1bd8506eed8bd4cd46aef13d3856ce122ffc709004def5ebdea96964a96f8235ff001da03eaa3edcd7a6a51e82a151ff00debfffda000c03010002000300000010f3cf3cf3cf3cf3cf3cf3cf3cf3cf3cf3cf3cf3cf3cf3cf3cf3cf3cf3cf3cf3cf3cf3cf3cf3cf3cf3cf3cf3cf3cf3cf3cf38d75e59f71c34f3cf3cf3cf3cf3cf3cf3cf3cf3cf3cf3cf3cf3cf3cf3cf3cf38f784f2d1ee933f9beaac6dbcf3cf3cf3cf3cf3cf3cf3cf3cf3cf3cf3cf3cf3cf3891746898e6a92a6a8d2406ba637fbcf3cf3cf3cf3cf3cf3cf3cf3cf3cf3cf3cf3ca470a6018f90b82cbd91db044dd91d0bef3cf3cf3cf3cf3cf3cf3cf3cf3cf3cf3cf3d912fbdc41cd820b42a3c1643665a054cd652f3cf3cf3cf3cf3cf3cf3cf3cf3cf38a53b09261b614552d59f9ff00d0788ab338120eb9ebcf3cf3cf3cf3cf3cf3cf3cf3c828d9de59e71245255861b9d419c79abf92c9c380d9b0f3cf3cf3cf3cf3cf3cf3cf386ac6e8971aefa41b7904ddfa90aff171e57dff0096dc4b27bcf3cf3cf3cf3cf3cf3cf2905d13aa49e29f85c59161dcf280cce8c70819f5643d317fcf3cf3cf3cf3cf3cf3c4315fc79a4bd87fb51e6f97da578c3354f69b3d6bcd44582eccf3cf3cf3cf3cf3cf38bc405afacfbf438a35779449d405d7edd41497fb1e22ddb5b76ebcf3cf3cf3cf3cf0c4b177d741639092daad00469a5a8105c272c56db7a1a882cbc2ebcf3cf3cf3cf3cb1ae0777d57116c7d84776c91e04944c175787aba1bce36f5f605f8b3f3cf3cf3cf3ccc6a2477de7115d2d833442bc517ceec7eebc98ae563b73aff003ea3cd6d3cf3cf3cf3cd876f7c6e8c905d7ed111b072e57ef14fe9f2db196b06e8787c8fde8bdbcf3cf3cf3e98b47e17590b351ff9b43d03f6eb1e73f7968c3887fbfc7f280485c07a3cf3cf3cf1bd4d051ad92c3f920a7eddc785131b4eaba5c8722c0aebcf26ded4316887cf3cf3cf3284452de6a9e5173d567349ff001a2acf017712c571d2df40ef58eef97e8b5cf3cf3cf39c7b5bb8d77b7b2487228da275cb768cf912f9ca9aaf1ca474b578f8935d1f3cf3cf2f26edfd241dbc9af3c87f7992b86e0db7886b33501b8239a78b5ad72a12a1f3cf3cf13a618b70c76d11d64c7e8bf4aa8bde3b3222121124c461e270e0376f93180f3cf3cb767f96b3bd1924de8cfd18d6ebe6cc85281a199f7cebd0c9fd5885df581930f3cf3ca013ab12d75dd65e2ec21ea732a618f8222708f9df79b6fda191ea033735695f3cf3cf167360572694503a6f9d2e8b489d00934679386c519d978603044fe3e38c79f3cf3cf2f5d97d7df5e237305c66644c5b008baae1446ad8c1541d3ad8a8362c7e234f3cf3cf0b452c008638a86d2a4ff34a61486cf1e778a9c32a6ece15ed411657d5be15f3cf3cf0529ea7ac83ff00bc826eba2d7e5ff6390b65b639da800f475676059e63399f4f3cf3cf395d95d5813fdef5faf7d093d5abe4e475b2ea6d321061144e2ec493c07e7cf3cf3cf2c1d327abe71b7f87ac3f7b0cdd93d66ecd3d7f05f83940ddd1fbea300b63cf3cf3cf3cea56791cbfbed8cd1767a4ebe1026b205e6f858cb302b70926105127157cf3cf3cf3ce07bda3de3427c46ef8894cd9d18ad105f77ec133c22fbfc00dd32616f3cf3cf3cf3cf30a824c7d033160ec0329ec14f12802ca7f0fd31590269580b34aa7df3cf3cf3cf3cf2ca07118ea2d058858d0ec237f034f324314c1c03eb17783d0bc2efcf3cf3cf3cf3cf3cf344b872225e96d03cd753c7ba2e340c90d7b061b9331e2093173cf3cf3cf3cf3cf3cf3851f7e842f4c79bc5be183645e4bdb1d7fecb355a5991935ff003cf3cf3cf3cf3cf3cf2cab40ab12aad1accfbba7e46a9f20654a4d2b73929bc885bcf3cf3cf3cf3cf3cf3cf3cb063fa6f030481ec5e085a330d8cc8921b0db597b785cf3cf3cf3cf3cf3cf3cf3cf3cf3c9d46aec36747cfa31d38771e55bae3b9781823957cf3cf3cf3cf3cf3cf3cf3cf3cf3cf0cc2c4d6b29c8c821f0685e93c01d8ca0933fcf3cf3cf3cf3cf3cf3cf3cf3cf3cf3cf3c31b21411e47c2198d78e4e97984fc13d573cf3cf3cf3cf3cf3cf3cf3cf3cf3cf3cf3cf3cb258807ab74aa991c0a0fb2c11d73cf3cf3cf3cf3cf3cf3cf3cf3cf3cf3cf3cf3cf3cf3cb1c1e8d1b55598221b9bef3cf3cf3cf3cf3cf3cf3cf3cf3cf3cf3cf3cf3cf3cf3cf3cf3cf3cb2c73cb2c73cf3cf3cf3cf3cf3cf3cf3cf3cf3cf3cf3cf3cf3cf3cf3cf3cf3cf3cf3cf3cf3cf3cf3cf3cf3cf3cf3cf3cf3cf3cf3cf3cf3cf3cf3cf3cf3cf3cf3cf3cf3cf3cf3cf3cf3cf3cf3cf3cf3cf3cf3cf3cf3cf3cf3cffc4002c11000102030607010101010101000000000100112131411051617191b12081a1c1d1e1f03040f1506070ffda0008010301013f10ff00c13a65874e9c29cbfe2120274e9ec3ba3d0e69e0de55174d888ee3757f09881144e53ff7b105710439734f840bfcac1bee68a34ebe9eb6500f89fb0728e8e887dc844c212383208f9f652186061044c8873f48c9c3300f8424839b8f2a60fca3ed1a60838a0800a7feb25942430a9c822ad3353eb9233163530dd02d1a85303947644320824c1e3c48f5430480ddef047284a0f3d50c4c7b20d31df844302310ea3ae3c25a1f4a3c0dc27a787512628019ff004841cc0260cd37f8461f475281b086faf005ad7c8ebe50f2765d5f7cb45a9417fbc689e03bcef0714317e40a68580db80780256bc40a7befda78408205ff0098bc8c023ec85df28400452177bfc011ce6fcfccf345a073178fa453b0705befb74677e9708f0142798f91f14cbdb639273f934de2f4f5214140a50848dff27cc997858b605b0763a16ea9bcc761e786169b191785c23b3afdd9aa07f8b4562f4f23d580236a817a3094b370a34de51d8a6703938ddd381cc5471801539067d59048f0080d137924a1201af035a6c6b06240e118a66df4af3f80c8ec0279a425922804118c842d6c046fafb41f78d0852933c42f81c4429ac8f1864594808e71dd0b07f110e85435b37181fb24c8d845a42003145acfa61e150fd896511a0ea7c2140cfef7922ecc2309a9642013da1230a83b8e7bb27f2adfe3c73713238b863a5c9900e01ec6bf4380a28a2a1b82af0123f54227fd5d13c6be11e6025900182260b8c5060ee256181544db76b3193c3a1e39f84a0842213199ef546778eb9a103b835b4da5d3a86e28942c44d4ff00320292ce888924b92e49ea50ca347db841eca1664287ed0f240f14c839001619f0be91398ee3e8a032b8361e0823113cafe48e9f914f90e67b7d922017df40ed54310d5c74e2b94608170883946e28731112330467e6d7e4c117626680ee76410f86468e99ca922c44ac111146e220885b3107317623e8a0223828f01d01c147234965440b87fc440e56309ff13601387530d0b1e455e410ec7f09238c43947675fe83c2762e112942e206ff0066813d4bebdd04618df59a0ac0e808a29ed04107221c2916b631c0f55dce98e7611c0d3326c8f828ff0018067072afd8d82324af383f27438a2474746895108910d3e17100c601dfa220801030267bb799744fe54b3623942c309a22818228dad6bb445b4ec21389a64392073f73451b4a6490ca7200b21c64c1355d6ff0b402bad684c51cd8da5046011c522592051057cc3c774f1506ff00e2322563914744208174e2211160b0dd1ad6f2513d8fd7f1338c83a886cc89c71dd58d64d90ea51d3db230935a1062b2c44b072806ec3d7d7fa9ec362e007478598cb683da21d350a44ae4229f071cc5c7c1e89d062007835ac20d7801b95f7111cc4ec36b204cb7878fc38220ed6bc49969ef64f106223c0c8fc703c93372239f974e607d10d31a7847ae18877bbfd653736c2dc1b6ff00e22a0382a73646181ed7d810535800a045844a02276bc4d22363dac29acc64075a228f1e71875b0093042fa71ebc04c8899da462d550594d8a5504295249930b62e9913a4104721724451450de3cdf602e1d3924e4e4c50209c40c644358c0c43bee05ad6e0e9234287136378f9f5610ea45e3aec818c3819cb9e198a27c6ec8c0c02203790728a24c408f33800d697720dc6f458188eb884c200538b48740f716031b302437b4dacfc778a1c254033ed646c2263e3cf344b4f86625288aca85349406c84027b06f111c4dc58a46e37647a206d62080c8f6381e88f40c44c58e9d3a2181e1a0d828d86c281b91b0527095baec882984b218c09231c9c119a59468945f1254a4e2083aac70816ab049e50b5b0346abf0ceebf800c907517677688820b1e0994bc1135a6c2b63b052710cd9f64d26e04f6ee81800102ed3c076c1d40a040e4942318c32f089cf61b05d1e91806a08c01eea3f804c77186dbb0403442038c1d479bf5e08d1c68bf1f3aa7a7272703044218a040491397b31e88dd19d86d31a3f4a0cd41e12e23193818d661b74e960783a21240347c03691062a70644811c140bc6c368d870e90ec10b118855175177d4410d9d8851dc0663b8c36e072431cc5c7c1e96cc5488494c6ccda7d23dad26c2b371ba1c4d3c1f48a9a33e9f550c402724c1df81de92213044b44604268ecac1cb8ba70afea2e55f3c91082cbcaf17677628a008334cbd009d8842536a2e3f4ad009038289584b0c3c5955808cec74a86e67d0361b4263a22442aa1c4380a394e60b2300914b0f4a0067c01162a80b842e53e5813c441001ca2149b01650f73a637fd7230304e005cddbc6975a112aa2f1f490995c1f9ad2f038334f044a47ea8f76a0db4e329c7ca9f628d86c725e1b582087102ccf1fb9d86092f3114fbca270e384cd044d45221c522192422f17bc42065cc4fc1109066622fceff0076c5f1398ee31dd0d9dc191b4f8303d0de11772cde38095c1e95401481c0536354be90ef607110e149323dbbd8374ba8b90826724160781e4c0704a7807005c8780f68c8605c40d1effa289cba2d5cc0e2f0f1a7015fa2e86fcafd502f11690402246e3e2f4723622d780c60195fcca289e00902420397b741f87427343288822311519898e62eb1f25188cea3bea81224a4851684ea301c02084d139f81a6a40ee3ba382b81d0bec9948b858b606b5e07e090abb1eda704b0048df81fa08e04c420ba51270f250040602c36df4d33a2112804ff00005212f119d50d06298b8f8344404e1142524d8273ca1413e35751e69719fda2053a7c8a2080c8655008a20c48740c6dc5710ce9d51c0198431d7b221da16b0efcc1957433cf85a03c3237fbded25756711e46c80a754de7e92369b19644473f4374100c3f1296a887858248e57f245397c11cbd98d8f6b2e41019d53264ca8c9a8be1bd31414000734e88019403688dc9b1d02680fb04285d10e23d218c334080436f11d669f59d507ee49f920de11fbe9a28dae05f11063d29b21e2397014c1188407882788bfcd86d361b28912c4d11c19c941f903a7f22f0771f5132b3063b6fba7fdf0d7db597b00473aa6b1d36b58fda20b87190ee9d1ad81a041cebe3920c0044107ef53abc11326299197e450e6166ac025caec95661506464ff004d19dac8588c1254c4263ea1b0a369b23cf78d4f61ed00806fcc253e489ad3f8ea23c90f502e310f359a6fa4780208a98fbbf44073390353d2c24880420c501e79267503ce625e9879441792d3fd52c58188d67baf9bb1cac792ddd187189f2d69898729ab28a9f1f4103b016146d751b6f301e4fd44020afe85085f59e1f7753b668eb01bea844ba0dcfab4582735ff003ba3e093485df4d0768abc3323610a7d8cca332c12c4fafaa984f088e24110e41cff00880310ba3a9ecca780c890a44484339a298801a8a6703052b308554f238d35928e378089d65ba0524df5d6d36136b866521f511f9dc9aa01ff0060745a808e4789f284cac42960098bbd700bc86d8b9eda2120a78f63c4e2480140c59a9f1d1355e18177946080448880d36eee82d6cd07bb2c6f4e25de28900e532640398228c081820d10c49e17e19e32642f4707727e64c806fdc846ea022b109b12198f1689e518f63d0ac103d288a8fe6c0dcf61cd158602589f5ba0c4483d07df401b380d5c7986e88a66218dc451f21cb74648341f6459a87a80c462c20744413021e062f06e80e78dd821543e7589e17b5d358c4a43ce08e0ee7e920e806fe121388688c426e846fa1ceedb24228652a0840705403dbb228116212890469458081ae464270c1b3a7589c13ea239f81f4500c4886d5198d885d504627280196081ccc3674006485ae9ed764eb12f5079d91d1dc9422806fe32110f34482e8f4f6bb64cb22012419fd927b17003bf746c39eeb6f8a189335e7b0427125c96bf2e84f54f2385d4447637cfccfaa10d29089e51f48c4aa16313d4c74e17b02d4baa9fc324573299d00806fe6215cd9384379b693848e31fb43508c09850b0d879e7604219778ff500c4588413acbec027b4950c70dc227ecd530f5d7ecd1249e2250083bfa5914c44d1625c18c278c33441058d8e0073c7eec1358fd046314c993c6f61a97ec6c0bbbb724a90e3985321c83cb286339c54c76ba43a2640208037f63294a7ebe68e8b58196b3dd4fd22f11da3d112c5d3e0c5427a01e4d852d40020c42820989b0001ff00058206c20e715340d1b644c779f28a10708891688588490a39a08c9bff008e7fffc4002c1101000201020405050101010101000000010011211031204151617191b1c1f03081a1d1e140f1506070ffda0008010201013f10ff00e22e5ffe1d70aa035ed5f99b54a694a6a5a679cc42e5ff00bd0aba239fb47ee27f22f305ba9d39c5a86fc2041e59822c5e1ef09eea1db873c45439b5410b2764aeb2ba4bff005d30b825f6fe3fb01a0c74fe4ee3e536f3f7c7ac031c62babf71b8ca379b3f1cf58bf37b70a64aa6e19981712876895fe94546f30984e9fbe909a4c79119bb381be474e511323f1fc9e40594b7c3bc787b7bc39fc7dbe86fe983c1884dbfcc14ed6136cf57ea3b3e0ddebf41c337474f09655e0f47e6f360e97161f9b9a5f110988dc80dc34ff250794adfcd8ca37063f45a8dcdff0073b02abefb9f8bfc4b8f407bba8f086aedc09a778f47f8be3327c2ee9442f9303de3c2a602df7c7b43efdf95e18ebcb8d5bd17d9ba96f94fd1512dc94fd21a6c9df9eb139ff80c05aceab3bcb8b15973d57cf1d394ec27cc628dc3896843453726f507cf3702cedc6414da50e641cfeb54c3596dd8fdc76fb43ed5c353911cb895ab1df41f66551c9e9c6716652999fdce328d90bb9ce257d5ba1639425da08cad9646984aaa743247a35ebb7f33f938cdbe81f5114a9e123d682127d45110006c441073af5e15a2682837c8f9e7e72ab88da2d4b5d0e113bc77cce025ca9b73839fd3ccaf02021d65d0e54fe788d094c37f73c2317e1dce63e1ad5ab615757e633501bcdb409468b50833a10b16f111a7435146c947f4815a275a0dfc65c4ed9bf9e167de746acfeb8ee6f0db1fa7ac4ffe6501a611baf65f489a97c76a8dda3e9e5328aa3b70a5c4a835ad4b0f33435a990f3fa4cfb6cbf5a2a9bb97ac6c314f4873e3b02a5dedc35d7b64fb4230a10c86de97f794872c3fbf5d6a547e86cd77c4c4f283c095481539fd025bf5bd3e32e5d16cb0ebd58ed0dbd4202d619f3f3f18877958731eb7ed2aea1f481a2c35197c26da5e994373425ebe0a894f193b061097ae6e3cff0092e3f1cf8195c6339c0b68952acbf1fdd4d9f77d19e063d5fe4b971106f3be7d744b95c05a0f0dc412f5a69d7e83ba29aed9f97fcf59b2600e3565410f925ca03f3b42ac8fcc7ec1e70bd3b355d7fe4c8f81efad67aa0aac8343bf01b68a95a08837ae735de953dd1e3f05e7f1a2816c4f81f2b802e21adb17ca64b9b12316e0ce9e19f1ce953c351608dc94b6fa3065cb971089506b425c76cf13a5e3b1bd0fd682e73c3f7f3bc5b6de0bae1158e7298d4339623e989dc806f28cab135080a0972a56b706f4d9a543b713be386ff0d306e58fdfea05f0a622237c4f1456f72662e397567441a09479bc0bdae700d9b7089ba6e9b3472568707c9e3c7b7edf782ef60b88ea18e00092ac13ba06349989cd4b1d3a0ef256e66b47479c7425ff00f938764dd1de6cd5e1d8fbfaf1bc3e12d0ead7bfb4555656fe0476736488aa04d0e0210915adfaceb15b3eda2c45c8f48c34a3f0ea5c73008c1a3a4ea4340e09e3c5759a47a67da51ac3f5eba2dfddc0d4219647792a6c895a10d0fb47fb1e8e19cad727ae80298f8b6782af37576d0c36d2e5c210d076e3bdf7f5c421b63f31d20f125b55c0d3e74155901e70ce10cc4df997e933d552a749bd5ca5c741f7e9dff7da2247725303904bc3514cc214ee7086da527ab842f12a8ae3658866f32e1a161bf7fecd936781dd9399299df959708aa740b510ea6b78615f2a128b2f1fdfef83232d063b3725ecde25c0ae0603a4bd0d2a5187113c396687fcc18898784d8300e730d7a782b80c6e10cb7f22a6a5c21ec5db52ef466ad4870880d5728b6dbc012f5f42250af8fcf9cb447f062d9604668705032f07de781d3157598557c5d7c218203ca327dbe3c063fe8986f134bd9b43e51adcd394ae025377cc7e88b40dcbf1d1f07e73d319e03ecc69299c827512a599781176828ae0a97cf3eccf1313cc8337c4ed93c1dd3ce56af43b3044b20755ca2ab6f0d0c6c7d1239cf58fb470d86cf53af89ce02ed31c6e1a005b1544e5d4f688e443dd4a82cb2a06e9a8acd57a47a738329b86181cc84a4f09f1e5f8f4e1edde0ed78d6b6e16529738fd2a85d9c317bb87cef00473f58761e0fb69501d1d188f38c375a39fe63abe6dc0a0d33ad9bc4a571871f396631236e8e3cb6942cf2994709d0e20aaaa9fd888a93812f0cb701c6463100288fd3cb7f84beb6c8f5f4f4948e99f2fe697f17ada9c88ed2e39e9d0d33adf2fd4504e13e7cf280c8742e8fdf9f9cfbd039fde598f3cbaf089e444a39701c1986ec7ea0997693e1e4c7dcc33e35925d32f819b9045bb2b3a2ac4ae1d997e77975391a3057383f11e73765e187cbfe6a854e2fd60aab0fd4ad16b7988c98c59a9a12a59e51a3f54d7bb76eff3da6c1fcbf72a0705c2a84b1adf3eb297882544321bf399b72dfb1fd8d539c0ec7f626edd71e47bdcd9e7c48a72c7ec579ca2a8bd19bf1379bfa0306e6fad0e0346a3940146dfe0bfe963f50120e53aed2adcdef12aeddbdde9d8cb33393c880ba9a7ac2bab82f39daff912e2ef35d7f9283129b4bd16b2c22d5ce7957fc97f469068018bf5f684f2c114edab8d4ee41ff74ec3c9f43de05965dfc3fb1f67b3c99ca6ae5983769edd4f9e72864f9886de6b9391f73ce190960b159bf9cbb474f01ad4a8c636d302c5ff000ed28880a62f41d34a01169792fefdf442bc77c5cc93779b86129b6fc3fe63c63d580882393700361982768400275b3d07f639654ad6a568dca100144bff002d106e64f661412553d55f6f6d447a5f58140f81eec522ac1729873d79c1762afe6db4790ddc79c0a23f58b0f028d6b4db4d9d326e58c5ff003de8bb435e11adf72e6205cec47e62cbfa9718c1b7588a3993a461eaacbd2f4d9099fca6c625cbff0055386153a4ebb401636694b7ff003e7bb322860d452e99f9e7a5d1f3626c433722a19ba6d0972e2cbff6ad6841e2cee7ca86628f7c440b1bd2b4b11d03f2bfad07aaaf00bff84a9999a49e13625e707fc9fa83728c3a5f381201731994b654afff001bffc4002b1001000201030304010501010101000000010011213141516171811091a1b1c1203040d1f0e1f15060ffda0008010100013f1095e952a54a952a54a952a54af4a952a54af4af5a952bd2a57a54a952bd2a57e8a952a54af4a95e952a54a952a54a95e952bd6a57a54af4a952bf454a952a54a95fa2a54a95e87ff9c3ff0096b2ce6592c964bffe61ff00c4b964564ba881e58ba7550fb5a30ec4d17ca25ae85683f701af78d505d0fe48946af79a38f7599e18d7627b430a77c02fe2572d44b132fc4058c7cdff00110ad3396fd442940b3ff14c767ffd066152e543e4954977404f6654e43b7caa543848e9fd25ff00f14ffe0ad4ca549603cb1e68bfec7e52e7ad017fd73344618227a39f94a8d7246080c6555060e206a0e300622c2b766c5f6bb97b435841b398a2db054fc898bbc8e0691b3be2f4b9a69db1f8168a221ed8458df88b3a5017009761cc01c2321fac571019416f760775c51fef9966565400a469d52088718546b5af31273da17b5c2daea9aa7be2094c34a67c40a55b0a0a7ec97c18d7ef095a3f49967ff04fe7822a0195768f8435c277d0f781dded5a53ef43d9848c75b8ae9a18e09b12c80078872c1d459e06a21b8b28be197e22eda39af7a1f114831dae3c1212a6ff00dd5a74f3043d88a5b6dbe596d84cee4f887c4a6d88bdc8dabbb996256b98415a6f7618345df37fd528debda35c1ed1e93453ee54ca08579013adc46b69150746909846a8295e522c0768db79490f9577287d8b7c3199f529cfc0bf9849268013c3987af3d1c9ee4c8c2e943efafccbfcb1ff00b67b4ebaf5dff3cfe65cd40ac31f32bdf0a2fd5d7fa09bde2edafc70f76e3b4fd15403b182243ad3537ae85dd94caecebfb03cacdc7d85bb6103b68bd6619785a1d044f67bcd160baef1668f47334d62ca771ed988851afe558805cd4023dae3627beb1dd85d5f0690650d00f69ffb3b08131a41f28e4ebc8622286aaa6baef5fe99acb3a2fc307fb77e042eef746d3e626d450c38c4beb7da66fa443726b440197de2896a2c33d5daed5176aba7b09cdbda711f62fb5d7ee768201d2283edbf8965b428a4041c65ff008b3bba709e3fa967f30fe55cd6ab831ffbd237764a1c1df57cb5da0db0f0d4ec69e04451777976bcbe20cf216976fb15715705ff00a6795834290d06022aef06507668c1751c4c9de59d9680e991b243475f2883c0be58ca11dabcafd4696cd8cfb5232fc9ce4f761a060e988fad90bf0f84172a64a5fb78d2183a2bf18856a3f94426e15df50fe61bc15b572eeb9388d628bad665b538ff0094cad03f4f9525fccaaadd1f629a4bb01ab5bf27c4006ccba3f267e238d75f69a908f4d008f88e6865babcaad7b418ee8b072533fe0893bd88be100792bac0b66e57b3fd43679bd876fed1de41a957873e20dff28fe49f405a94072b0dedb657774acbed8eb18df0c1ae8d01da390fbbcbe72ec4bedc7259ce9791ed1df5f00edb0e8046fd2fd067d060440a83e3e8e8c3a971d83adcaea8646d8d295c26cc4c2f5eb0cea35a6a5ddbed1dba34500ec182620c9593baff00708adfeb4185d1b3e221b2568da56c1f1880d10df137998730e1f72f1ccc6d15c99a62c8954d371d6e6f6de7e0fc18a9463874fd5fc4c76987f90fab9a34e12259589ac8cad773487bc62fd41aae94f643d60434664796da9d4522227cfda121aebcc5761fca2470350aee1b7f24fe3dc4264831eabc3ab35138bc9d3c9f571c12d352eb2f55bf4254813a65e57fc6cc7ac3ae01df63a1447e23a8821a142ecd2f16cb863ef667b510d7ae95082c8eb7010331ff000185125a15bd964400c8458f9f4de1930a5e764764e48e915172e9c7c71a3b4d050a2b58aae8751dfbc66b51a2ef7d47256ca5f4872327525f2ff823ff009e41986bd362f8c99f6978e25d3d59a663ac3365665e93a4ab61624bc66192b687464d9982736cbc0ad9e18c2de353790bf23ccd0b261e410d2b53883c6ab3b472395d98b364501ff0dd7543838c45fb991e58e16363b0326879e3a690c6a6c063c36efa76800444744fe39fc6180ca1401aabc4748b147c1d8ebdd8e065094eadef4ab95eaca511158edf7c2e5c3fa469ddb7ac2575007e17f717a7ccd7f591f286f97df6f12d736f9855e5964b2f12f9d20d341896406e6677587da2eec7ff0057f57c4e5215f3d09a9e49e65d8800a5162709bc120ee20610d5308e9d30cb3718f658d02db4685dc57750bc176947c115b912e9433baa1aa200df2db88538e21161a41b26ec43ab15040a08dca68e9034a3e60673ef2eb5953d748457d10fdf2c7da564bd0b17d757c2c9a5b143b04fa97937a9ba7ce1f41a9d1b25c93aaeeb62acf7dba081c581071ce353a98976e1bca9cbb70c00948eba87f18fe28982e05ec350af11bb2820f91e8bd3475d660a3e8db8267a442e7ce89f434f467996a288888660221dbaccfc1116f7308d4b952f69512e041f68166d734b10d64fece8c6863da8781a7721167b6b0e8c54de200aea22f907c8db6c47a17968fcc1c1175a8c00d5f5b283f531b7a3f52b7cd814c55b988514e66cdc35819da6efcc0a8cac50caf24d2ecf13cca1a6f37cba4e51238cc2ecca5386f48fbaf8fe319604d0b257bbcf671d61b56e59d4e48e82e9551bcc6e91790329c31c90f16de493934e831cd4206e9343523851e187fafe29fc4163b67cf07c9ed72dbba8d9fa1b5d777765d0031aeaaffa4c56893a0169df585a4b68d01cc4bbcc987a3b7dcbb74c7a5fa759709707d0b018988fc100aede60c6189acf6b3dae5d497f816c7fbcea42c6f897896a21b9bba70f89600281c626a2841900deb5a2acd1293788bf4cfd9b462576d5ba367f10cc4df9816c2179856f29aefe81acb2a542f98eb0e3da0ce90366748a8705bbb06ea968c6609c0f60eaf55f0f114a51787dc373a9896a58d91e8ef4656aceda3bc7f9406d7407fd9d268b25485efbf9106cb3f867f0962f03c8f26e94efc6ee84ca6731621af00695a1a4cdb7e9bf0bb7bb43765a4d0975ff009d20df78fbe223e2ec4efe9aeb0d63d654a8620413cca2e63466a116b8cb895766953068721a9cc668d7a8edd4e900577db7d5ca0a663461c3fdc22aed15baf67a2e9f0ef0020a2a955ab51ffa2bd92544d6a0ee9ba65a3df97c429ccd481ba56e690aabe91358dac358337e2567acbd3996f1065e7880686b087581a8d19a98836692a78ce667a32ba4f32c863545763bbae9da09fede60c9660e13796ac9654fbf0faee36e25c42c2bfdbff8956b34e20d967f08fe0ad398682ec9927779ae9b357616e8766ae55a1cbff9304c005f4071ff005c2236abbe2e560d388e6ac01cb03e1634af69b5775cafeaa8fa66a155d7995efccc4d53411048b5e5327132baf68ec1a9348ce4405b3c9c905f7136e0f92c7b455ec68291ee294d40b348a050a39abb4220a3293fd778749b4aa35831b405d277f79ab551c3d20d0cac4ae61c4320a9a50d31ed2a9f416553e66047469ffb0560d71153bdd6e3dd6edece2a03c9cbdf71e138d616d12b98e0751d9f837414b42552ea191373ecccd1b21fc13f8181014589d239abb5f636d5d872f9b6ca0bcab9cbbeab2fb060d7403b537d3ba3a5abcacaf461d9b2aaf44cf88dd1d0e99867d35f43d2a1e974d32e6ecbc4e83106f7946ba3ea0e39de358052e6b28b74f674e8d4252e9a4ded93dae5393598f7180811166f45fc2bde33ea67f7ab5f52d559ef590fc4c47043d0378d8a864a6b126ad30c4b215773b459d3e60e29979d262fce934efbcc597068af3e669dd01bef1be3fec4a2501ba7b3c3c267ea2965aad4fc26e709862013212aa63d81b28b8b47ca3ae2121b20cf20fc984c9bd6f7fc13f80839d413a09cf0dd2f420675c9aeaf66ddf625d9528bb8a7dce0db36cbc597e8a60c868035630117822eb046351d2b988d5834230f64c3282d0f59f70431e607e609f9d1f9875b9ad87d19443b70be62225892b3033ae7d2a5f3b45a3bcda3a69ac099b6d1c44b3757b472d0adf2d77899cb68bcf2afea1a82dc372edf0de25eae0b8eb607e21172a85eee7f3e8eb98296e0f3b41a9a5cd1d2778172f12ec876943798ddcf137d32620b5ccb358ef31d78e65e714dc73305639ce6639bde62b4cdebbf88fef79584dc4dce917804c8e9f62e76d1986cdb8814a835a26d1f1a86344300aab93af730eb0fe01fbf472e1ceadfe6b9c1bc2a41ebcaf2bc03c01518e18351bcdb0ff66e32b584233222c086dc1fb8cb9557c464ed6c3db486015c1bf2532b3acafe018ca23b27b84db895b645087afc271e23152f2dc1ee647a31beb86a570cd36b97897ce275978a9744397466fac35176cc23565db88e915a2f304bc30d7e2e5a80aa9aaef2d407959296bf7571fc2dc53d21bb76578a2a8ad0264735065b81a69fe21aba9a6150a7223d9b821d3d12f58e9ace11c44c66375cc0d6085ddd6664dae9018aac41a43997dbcc501dfa412f23b4a88b1c768688299398b65a9ecfe4e9bc7f62daec3f8b9366160265690b4035505beee72fc4c8447065d4393fd87f807ef34d06b547ca56100e41633e29f2ab01ad0306ef83edce844474363d026932633fa7881a3ea6d08525b7ca37bcaad4b3e21de7cc6cea68f980a5761938797c768d1519e23b198c36cd3b9b3e21558d26dda588731955b4a9a50b34d2251d521556e330c351586e60229062c85ad04ce7b71c07e6454eaf8a5e764d5002e9cccecbde2d753bb06a0f82fb12f57d9b02f8a855f3844f6b428985c7da0fd4ab09b13ec64f68ec8353f81800dcf847388116621eade9046b15304e91ed5ef0b3f164584fa862dd2a02af4985ba5702c2d870913666f6815497737f5ebace9b8e952f05ff00b0b0e9b7e1d652468a01808c2a220c16d6946fb9640d8d15fec66ce895fbe7eeaed521400b55d885fb6089c5eb680d8eeca3a36cd4531d94cdec75626fbc3e8380301c4b21ac18c689855ec32faad333526936f4a958cc0267470dc52c57316df33f0f8974f108c564cd0b70f0fc246a2b6bab1a5341da25c3102a06650be94a1b1ccb73652549c69306318e6258203846925b832e19b007472f041e92de25fa67d07a4ed888d64d0d7c3a9ef1960d35cf387bcb79d75d475347920814458b59b981fcca4c0ccd58d239a4bcbac16ea38d4b35c6d3a0c075d60a960b8b960cf3135c32cd3155bc6cae26709591e47fda4a2ee6c78fb6e3b9005474e6b159d86dc4d1cc0166223fbc7ee688268e51cee35ce1e8a39940055a3025a5ee1bf70de500ba8f9bab55ec6d306b8d35eb2b3a4ba97080e502c25a29c39f311a116aba94a7e256616128bb84330f9865a9a3ae0e3132d72167f8d9af51826b16dd587ecf6894e62543bcd0d26d861a7586b295af8824cb9866b77485b097c1962638f9943c587c41c10cb1cfa32a57a3e968d9af32b01ffec6de44d7463845f2f750722cbd13878872dcac51060976d6ec5ceb05f5e261c7f5035d6051b8145a55350dcc653497c181c7106f17abfe20ef1cc1aefd25a9382da2ed1ebc3cca41ebdcea26c8e18b44e7d89a92fdc7a301aa7a98e70d8840444738fdd3f70450e565e1d5d0cbe0de5b5a50bb5cfca7e22ba968b9072bc976f57a041d56f9888e3c1aaa83cefd1899255756a85e0c83b311800229d6139547464de65d4a8a7626be845697935325f48f9dc7994b6bef096bc21b4692f1a87bc7e7b6cf2f4bcf09e61d0aa8c5770bde22612692b11388457a89f50f8a3ef0ce6dfd6981adad67d3bcd19e3d2a064eb3913356106a160dc1055627033ed274a9a7ab331f448459512b3a5692fad85021e2d077f797e466806eec3baef8eb37af412cbcc43c4543a7398390f31bcaf79e05ebac59a56ae52a961832cf1369b68f89668a0a1db07d2719da0dd2223488e13a7484a9ab6b3cce466dee71b4d3a4167936838fdc3f6d0291ca005ab304776b9357572f4a3680ed8f35e3bf7d7b45b783a4b9664a3975afc79870c0ecd8cbd4292d75d21165e36d3f28e7a94cb34816378b34810a6c5268e0ede92edb4e5d5f403d5c3ba86a792cf32cde610d11c8c67da0e775158666edd31e86b2e99ec98db8043af51d92c76637c4bc40ae651134be25deb21d9fc87ccac49ec7feb0b9ed1098e22d4d7a474b228f69b41acd2b495c97d25ae6c10fd91b4b8b0fd4f4f4ab8d3042266400838475252235d7afba7563b46d98b30e1399b9788a98e77a8255f199a759a0bd65d1715566a528d8a83876fccba966d3897de68d92aed064e751f0d4e966d35d4d603d66a57e15e03d20537b1844b1fdc3f698f81c107731decf61e606101ec15b3cd11a855bceb5e8aa0a1c6916fe0163e9a07584da626b28d8e8e1ed06c03ba0a93e55f7f5d1987057f21cab1e23b154350dd4e062cc9d4ccac95a4b6fa4c184c9b902e869f98408a0dea23fb869a4a6e5e7d49b54df3a43a11d54de0e0a8159459339e2e632e3dd7fa2692f31d21a42dc0ae85c4f39c7dea46a90bafead6295044d448fa5471a40ce23c31223bc0b8fd06decff00d0da366ad8f3ce3739dcde0cf5f4ddde19de1db3f73540d6cc6a53aebbc342bf315cc7457132d7c40d6a0710294a3230e815f2c9d1d498094882ee6c45005d7d0a5a771bc57c57ed9fb55d6451ab5a0eab41d59969da78b474001da5e5a5d4340300e81e9712c92a9be9f4cbf509502690c132b34d7177ca51ea710d23e8ccf078069ae0d9f1a4bdc6560beaeb60e06dae892abb73135a94894ab77187d335744faea27c3f135e8a9e5347c9f3708fa1d610788dde988648155921621ae75962ddd83de9a255329ff698dba7012cbc146cf2743d5a778d17717fd8fcca80175caf762910708a7e25c9b742cd7973a0449b7a1a8cab8412a6a2a006b906cfdef0f5ee7181e46dd3ed8839313a90c0cbd2d86684a78bef2d4d6bfa816e3777860de0cc8c146557546ee1cacfbc069404b03623913a46ac1c5ae523ce182a652b5c0f03a744fdb3f658ba3ba0d0ee7b6aee4a8160d4d9d3e6214b5758c254be985fb9f722ef79962b4a7e55ea41f42306e18c348e2b986e43bf93509c9e1370394d611d2376ed35d062ff00f01e843e6e465d48f9dfb4ca0b58cd6f4dd792cf31efb0c9b6afb541655174959bbd3df1066eba7697a46e69e85d54076878899ab206b10efc6930e976a7f8f13c4beaa896f40dd380dd8996e78c3adff334264b5cc0e625e9143b33ed0cb283c88891d7d5acaf46c85fa1363a7df86f64d476894b99297f51df9d49a3bc7bc6cabd265697e2180bacd0c305b53797fde9327460e9b461875db352ddede6f67e5f0900a56b10c4d0300f6298f3d22896747a3fb47ecac18e3a341d568f30bb1643283d5763e88ee894c7517aa97cced10f4544ce9603d557c21ace34f8410dfd4f41ccde10cb084ce94da23cc538a994fdab67e5876e218bbd4f4359634350c5585ebeecab72eeab5826b5acefa9ee1cf68af45ba0dbf67ee30cb7b868828f620f3c4576a0ed0cc70c70959ef039b965e2e2259d3ea08e0467f12f5ff7d1926555d9b2b8e63e267dcff01015a0b580eb32a263a0f1d6df802f79a38865a22b50e6da5ad4f815d63e0dd41f5e0d731417e34c4f56fc290beb4460be727343642f850881a84cfcb3e15c76bb413ddc7bd4d3ef0c3e44f110da3e8918b0db1a9315c23b26a30ab2e1287056c373f0cad2b3d63d7685a3582a1a0659a252e5f5838ebde0e6d62b23a62e5c92b615d12c94f055bd9fcede202b57b7c72bde13a4f46bbcf929f2f1fb47ece97ea51c0a279bf0233e2be706475308756dc9eaccc175d60a7431ea26ff00808880a02ad4c5d4ac0fb600fa676f47a7a1ac1a732cda1de108688e4751d19594ad04eb697f4269071116ef68987d758989e51c1d91de8f32ab959a9da53c450ce00d22688f31959a2c69fe72452804a5d41c4d6c966a21ab8ed9155b635b9d264eb535e668cfbc2b2e3ac501df49a78eebb428e51f803f3729ee1a118a33ac295f8b8a9300f91682d85c26974c1824652a93a7516bff006590d06d516aea2bba4714060c0710ce3599f5db4a552f518add8d06c431c0000680681d09518ea4666845ff0075d6585de5e65e26d84e9d03a2310e799c6c0175b9bb5ed0582526a3b3188a408c70c3b6b0161e87af3c98836139dc34e8264ff91cba431ae90ce9a45c6b70e9a44cdc35d5f32c76a979e6592e9b6ac962aad24f0bfcd599232230055d203abcdd7985a0813f64fd826e9bf0016bec45b85a4bad83b53bc3c9150d1197de9e25e65d06a5a835d572dc20f73dd80fa46ad5a47aad1a8280083df717871b50fd3bcca10d2170b9bcdee2c5ab7dbd0524a9c9a9293a6279b8260b534387646bac68e61d8588e895322aaa6d9c9cc1ce18aa16ad699865618ae46e24aa322179b8b3a399545f405eedc347aa610f0d080227081f6de8f796bd8e7b8947822968ee83da075b3b114c5946d8aa4fcf3051c78ba2d7e5bf78047090eb477e5f767d4691051b57c167c40343a1a151e777aacdbd6b3020963bd8d139258a3781de73bf6ceec422dba4bbf1cfa0d63538746108067880d67540cfa74434bc748b00f454c1867502bad1bb7aea70f7974a14348e11351271345ba9bc48b2c585acbb7d34de346cf0932b00270dfc8b3ccbbb28d722cff748a5eb9a0cdfeeb2a93ac41c61d5cc5fec1fb1a39a40d6995ed501de93414ab5fca14f6ed0ec303c151d63716b70279689bb65475b2c135c5bd55810f4ce5d59734ab1c3b5975cdc71ae3f56fe83983b4da6d08b3069816956aa15addc04192ebe81712581eabf241b9dd87d303be99f904b41420110a0d64b0bc9299bc972c1284e1cc2da6b407dc42dde57eccb2e9712eb4c0cb572df4810389428bb7b4d28ade88fcdfb4c897e2735f3166edb301cba878460fca569fa333153599631d6555b064ae78faad710cd045906d71b379d9a9861acc288245d61d906512834e150760f8a8253458f28c6fccef2a53d5108740ecd0f50e654df3c43a45d4aeb3582ef2f12f1c4b8bae6175cd7105a7ca0c9e2009853cc6c4e5d806c1dc83f60fd6b0ab03a9df97dd0843912579151f3662b8c1a6e183d49b2290f77ba39ba259ab9f4b615432c2c07545286b18bd56610470abec2bcc70a7977f0837f1160bff4d02556bacaf5213307106f12a04d71acb00bd8f54d1eff0051572eae59ac10aac5e78e7b75979ca3be8c7bb50556ca774b43d95e661b64258f4889549ce9acb74fa8661905f5c4bb7aa9bd45882daa36df6330ef39cd3be12f4aa87469b57c4b5601068c3f143c47646dce693f99bd368cc806ab54b7e40f30106f587adfa244d6303616a19131f9c3c8a4481ae89883c224cd088e81b2e8891eefbcc0cb63100d978a9712532b1d219c653b9a9150502b73fc3d46546c70cb45469aaf7d618df10b5d6b5ccd48b5b46d02f2c14616b1eaf1a0fb61f10d28ebc9bcd7a881cb93f1013400e4558fb27ec1fae80ecd7bd2ea0b76797a9c97dd44bc7b3155f96df5625907134b5f020e9a85c008f34824b77bd531f9bf4a16e88115a9239dad1a8d4a329e2b3dc14e935ea8d6e22c750f352a04d3d07698cc268c1b8599704b0b782ea1a1f19f30cb880c72042b7059ed60dd8a56d54d4368d783f211662de8a5dab35c0c1823ba480da8289711ac7b9ecc9e255a55cad5d8caf044d6aad20eb47b2e39aa2c33c630f6186727d1f1af84002974b6f70b86c2e204ba2e8796d09626d30bdf569707511b72b6b95e65e8d6c6d96f61f08952c6cb7a617d2caf30ed2731bbeef5b176fd1aa6d0f5c45308595b40c6b1d7a2d9f95854bddd08ec7f5379ae5cc489b4ac98f694de637199e2406bade2d1d9e6589684d44d1253ccdf10d203ccbb36aed161a81ef29062888e8912ac36f86fc94c13852ef3a9ff0090ea56d166bfb1fb03f5a57080e7f2c0f30284318d514fc9e23495b775e77fd183d2169330e07e422b2d52bddcfa03e97339a206b80b3d43cc06f05392ba538a76342e1062543d480c0b37152a156ddb4d73f27c45b552975869a4cde1d80f85d8ef5102a904d270363c5dea4188f351e34069dfab07054b8a1bb01e0b7e54b74d4edd20194070518cb2f3336923a0c3cdbac3682a0283b1eb54d3a466790bf05ba11a3efc4305c06fc0b12e106be759747438012f31b6288d0f860f6b8ea990dd5276fc243ac04d6065af450d560035c0323672dc45ed10c23c9e8ca8faba4423541eecbf508e973f12aa3ba601ab5a07e7d3751ccaf5098374636a970a67dd91f92ced5ebb623b748ea92fc47a46a4338f11b0f82f1b5e5f10e1205696aec6ff00bfc9159ad9facfd4c11b60edc8628b8c61d723de5a9798fae60a6bbb02df823aae0d3e30e309ad3a1ba2cf8f53a7aa74e184b0a1d47725ee1f3f56774f8d0e4c96bdaa6904865c4310b9806cca581aa9811117abcaf561e84d75cc6b9d3cab5fdc405a51b6e2bbcb39c961793979f08247adfe47f81f95d00cac2c2e0beeed4f7dce0c1d7524c06fd77d14e879f42691981212c4c06e784f932d41291de0a3894e9b406cdda65f55dc650c765e0689e0c0d6b71f7b049716499e5d41e2395f461289d413ba50e55c2368b94ddddf79494968c936e7b6196eb014a4c4bd447c4626654de26b1d348906f2def2d31aba0f8c4031f99a4b868def2f11665e23820e664eb2a1404775af82c05a586c9a2730c6735356a0f6a95c48ae5c3ed4feb3f556d7a6f1b20a9ed507b044cf0a8d57e7703c7a6d084a41a1761cfc0f98440cee9fa2058ad15a0bd457cc10fd04150a44c8986e315b785cd6d7e3dc6ac920dc6d44723021897988577425979a5416ef0e87fd9ee952a6605e2e73daf5e07fe4ca5aebeb63f30281d2b1019d456a12b94163ff002512e62eef5e87e79089430b5543bdcd1c40343d5e3eecb6c928539db78ba00d0cdcb4317b06af6f9487d130000a11c181e4de1061ad4c99146ecada2c63689cddd1f71c9c3ad94e857f51803add674ed1ae229917bc656431cddd0589d608d020583a839a7de25461668cae00dd974e2ad83004d6d73a29e22b7bdc6faba8c2ef6b0ea22069168683403b144b8cbf4d1368311b8710881d8949eca4bcd58addcbf71197985e6683120d2f11712e1acc80e8e1a65e2b43dcdf440a14ef5484f9b7266d5fd9e61fa8fd54cb47be87d8910f2a4bc22fe062b163bbdcfa04b8eb0816c6c9b3a6ecb3d9988aa02ac07c046131eaa5b177a079894b78efeab87a665c1cd4a40034d8e87824d0808a836e4ba782cc1e91feb805ab83ac00603236f079e58970f43d294b9d256af4bfee70ff0098047573bcd2e28a54ad92c86ffb18a015c62b48665c107173b655f1820bf9b742d12602886219c05c9f671c7ab0b95f834b7dbd876c9d2713a194ff001bc39c7a15375030d8f82e748de5449c2f7703a8990b55548c7688fc6ca21431a2c73a81e62f0062a89acdc755079214dd173b100d84101ddc40dac9593bd3679a864b23adc5ccbaf458b8d6066a568c693bd97da9e08b98f306fd3058b195e9c3220bac20bd9a7fc6f05a3a4749a13bc566c7f9b82f657ea3f5636149d05fd0f32c10be137b4ef7f18d62b5caf5f51993445baa05bf5142a3a741103b5d025d7348de6b6605732c61aef457e13e25325c9e147bc21be4f4b61984bf420cbc8a4284b0709a27463749b6abbcbf71165c98b0e1fdb7e262e04a3a9567239dea72c485cf89b86e3f30831787b224dff85b4e96f219480feca37e262699cd805987153ff31d6bf889608d6aad673c30c6f29ab0e758e2408c77280fcc17496f158d83a86e8c32f1cdde5ee57d8ee79813c43485e7136ce2335ce0d4ecbe11dd819cc32d512b4a29efeb0d0c2b0295d1360e9afa8c29a351c596487c8329c1615d2e84af0bde5e30a085e72aee073531ff00655460b21ca5470234bf18f613cca83a05936a99979e915b8f4f9973561ac5454a175c1f4c0c47a98b6ee87c024b30ed78fd47ea5de101d03ed0a62ceb9bfe023b4b181e978285dbadf603cccd1e6de311e091a5452096d4337016575823555264ebad343a57585d5a540f41125434a874866130ed1bfa6216b2d1ed77308b9c5acc2a5e700c4b56655cd129dbdfe984bcdbe8ca1725af334954b18a623b65ec9a3c9f9a1a6604e6e7895ac083596b1de56e5528bbd0ff00d9bc20a542fd2de8f09a8ecf459a0b6852721b07093172e5cab072d4562f1de957e23545e4466f4c9f49288f0cdf489f7ba82c5d49576ce96d25c3a87d8df6548c95db3fb01f70344756be4fe5040a84354cd41749d2a0da5b61b443231d0198bb40604d93270eae15089adfa318e25050106d23e9db29aafe09e86bde3ae63125560d26d3720972abfb21b7c4559d14d41afd6239fdaa8e5c6eae429fa87e93f5382b5da145fd260ead27918f98eb1f4da2385b03a3e18fc412651b60a0f60f514d14f521e991d799603ce906cb111d125ed097d26ba9383b5980b78c2b4583873022b4c1317aaa2e8d5d1a5b2c643ab9d8c3de07b52a94000ba9ecd931d7fa80436b64334b6aa84a89f4e05a8575f0075ea8efa81d54f7cd7786759552ab233ee35b6d2cab7b10bfea36ef98779999bc6b132a053956c3c9b9b98d887ea4dda3447719502699353307a6c777d33c7c2329dc00a960b60d17a01cc6ed1b13095a749aca798e33e883acf90c542507c2bae35f3706c166e29e8d781dd149c52efea3f0e8fa5eb748e11de1cd7bc3625dc6af9a3a8c768dfa55cdd8986456d567bfc43921ae25eb71f88eb18f4979c418a6ec8c9dc814443bcd0fe638fbe88e07d425d6583d841db74fd27e9749ad3454e0926028a51779bafe18ebe8935ab3d402ebce91495f3bb00edf2bea7e82a29ad81bc5c72a2c1e4a3d45708614408b031a3d9ca50000060028f53d37986d0662fb40a01a0a0e0e9c46629321ef4e077701d62700955f95a02419705bab0810972c7078616dd8d4cf765998475817ae93bf11b12801eae5fa26fb7386176569197974f13667c413517b42ff009b5e1cf3129ade1e958f0f02f6dd055f7814d388694d275d201268009d4ab4c0a4aeebcfd233cb9201f08d5756a5f2470129ff005da5652be5fa08dd87409b804189bebecb12c1b1dc654f2c09d42df93c3d1a6184408733c947b36392692c1ce76a6cf4723d16628fac66abaa3c118efe8b96b596106fb32b7ccef99b5fa388ce7d330c41d25a6db44f73f810952ca5ee2444c50775f873027167cfe93f4ad44416c86f6d30a5159ee7cc6feb9523039b41af3443d8bac5963ddbfb088b809fa43a015d03797a54253971d81a96ecab6dcbea7a1e84d97f430d03955c0195d23ee4535c695dba36d1cdcb9259408b602855ae3312c21d129d40a16d70e223628438f072c99570cb08a5599aaf0690c10ca5152c948b8537a998fe190787603a9c97111c0b4a22709a9e6566ab3c4698c92a8bda5618143b3a0f05406ab368b9f40aed072ee70ef038a9ed7adcf2fe9084494fbe2ca51b891e0c58df67edc6977a6569c391e654b96eb2e08ddf796e5f789a8fb88c6e9b622fdc84efe1500ff5e53a416825e2e74bac23a0c3d1c4b1596d5afd4b0b1c0e59ae4444b22a739239453376054f131bf4489288320f4abbe1fa3625cd59971d611f4d34de5f4dbf007f31aa6e3ab7020e90eb1c3fd27e9ffc86058074b41b33aabf336ca4f62fc23e8691ab88ef6b4b85afdc7ba2aa55ab6f7fd17fa2d125a2d27276e5be8c1ae01540600283b7e9d21752b1039402d5501babc4052cd0d00c22eb900f90dcc80b42eaed1530a478156d768e54d597cc0bf9e0750b7aac3266055bf76abaab378f82982b1f0af94bf34e818f817e6111970e01a9669e047a32e2d4cfb0588ed6da263e88f8477464772718b955acb978eb2f8833fdad7fe47bc2c32a9ab7b77e75e60e3f30cc4111a44444c23a8c74f2ab0272c8053645979b26515e3ec543f2dc18fc136ecdfe18bcb3b35bb9f932c705c58b7c6eb81f708669323a3b43581ec7a5b2793a18e8d2648b456c39775d02ba90b1b01686747413ed08f74dbf25fe51d211885c2a95b78e429f51db61ae61b3308dc63c4f12e1389cad77b1fd44b45d62189a41eff809a4ea3f1fa4fd391e9f6c82afc978e70ccc99adbf38fa2e1883cf97e2cc3a291fbe59ddfa07e83d0f4bbf419ef11a45c05c354035fcc37193b50c2ec5c444a55e4b3525a18abd374f4505e46b282504503a001e2279579e28582640d8e08fa845f41084c6f2d75a51842d49bb27a3ac2076b6b01ac36000d83adcbaac68835b3876765e1635e80d40d44d9348bb6bde6fd3d021afa0fc9ab42d13acd3ad3400ba3aae3671c4dfa7a622d309b00e59ba01dd6ae58351a5c10bb3a9bcdb8ece2b089e14f98ec68a36d46107814eba4d622713a93feefac35a6557c71d920ed9fca117732bad51376e930c3577c0f47b47d3807dd5c5763b33e21dfd1bef18692bd2e5cb578a07b1014c21b0cc959b1fb8d37f8cfe93f4f5dd7ca1a3a28abe8b2a331bafbaf4d18dc9940d5507c1f70b0f375297cd9e65710a9d6776058e8afba215b5d6d7afe9233b439df84ef9504714658de9ce9678b88deeba0e6ac3de2aa1ccb03a6a1f699a71adcfe6c5a6da4f70fba0157b6421dc6cea90198914bc40d2cd50ac902c2aa36b43d815875b5cb8e89e7d0830975068c520e114351201b81cc7a87cea570ee6f3bd8682043ac5b5b1764f73a5ecc6a13084466d2e109798eb19ebed6c9b86eb4480ada1cdf05e4751dceb7ea63a543281511c131510177042781c7f713d9ec9ae2662d889b5533deea3a7d076affcf467f244c933e8c63916888fb4d32b4c7cc31b474c4dc51dedb8cd31eb70da37854e6b1d44214ac0941dcc7b4c7abf63fa4fd38d7fe14045056137c27fb9ca300a285a5e0ddf699adb1bf0ba6585d4080d568b9ade30ba180f082df07adc3d2b88978a7c16fb4438756e451729d5a954c5e8b51b918299a319bb9c9f6f776b8f10915308b38a0660b712c355ded00e92c7796712e634052bd10457a6875d255fec06d3942fded07f2d1d572ae0bb00be66cccc83e8edd12c76944ef021ac25ae9b775b0729a0396561a06707653c85f2d51431a57a3d2679a46c654a2eaf2f246ce29e79957ff20710d310d61bfa1cdb0d0aeb9adc2e1dc767cca66eb4e15a21b0709fd9358eb8fd18b9598c621ffd80fc43108dd4dc850574adf13f32e5b4f4b1ddfc1e8c7ac61a3bcdbcbf6cd378dd4acfa3e8e90bb9764c43fcdfa4a2d1d08ea35dae210de8fcbfa4fd3746897ca54d8064372554ad0fe512504f95b07c0acc61dc3a55f2d1bcd48ed21c3c03bed1aff32612b1dac2fae65e732fd2fd06572596c0143b2e46c2a478e82a92d5c1957438d20d9e01fd90a2a7fd6d250de943d976b44f98fae81b79e07e918383aabf0df2b09dab5b2738a07bca4155916fa0995dc2530e0acfc973e707594b1b057765df309c026a9d565710c304850642b1542e73304dee7b25999f70b7a8d3021f92bc2dcf921143743f348e0602d8a39c12d56b53941ca5e433579e70cea18fc7101589c8bfa9a23eea286b8ef2caa49d75c7fbff0025e815740ee9dfbb670ed281e90de647a6ec49514cba1ace0e9be4c710ced11b56893795eb5fa323ec7c59019de0d47e03f019619da3c1031e97f2aff41cc5c009f0c76fba5c26c7a3ac7b4a8b0bb9a136f521f972adc4115ace7faeb187f0a797fbfd27e9e8bff94b01a9dee4bccaa2af384e0f36f5bc7d1f794c28f3d0fbc3c4ed070afaff00e737b133a35c043e60eafd0f43d2a5901b94628bb53f59991426f32085e8b521614651122ba41d13116256a2b3e61298601d458aec0cbd8b10ea6ccb85175a8232ca4e05114c23a1da55d3ae08e2ecae5ebc92f3a7732b349c9a356d8824bf94eb061a53126aa79e22d837a25c63452a79563f21101556f5d6ef38f7954d96a8a4d7f310c8ad964e86d5a66b3d266b48016cad512c23aeb156a76b2bc92f440a59d686ccab2a9d778a17e15429ff00afa89d8d8230b5d0de6d84903576e7ce7368ec217ec45faf019b088670a807303d12e503a948e46192573ea37de5e73e9cbaeb6ddaf75d1b794052c2859907b26220d50ef8823a27bc758fc46623a626311a42caf4323bc75b337b089d2947ae323a80c634216164637c916470e1c30eaa1d202e9eab2a62351d66c3667b42a3bd3ea683174edc4d358e5b9acaf434972ca797d827e62e0285ab8e9904a0b6a84300007077ad26b23040e4effa4fd38fef11dd91e06a79d0a3fe4a71d54f669fccd13044035d2f054750cb042544d97560476b1c0ec1c745b23b10f5be3f410f47c44c33473e307df984a93452f4a3a8423c8d45dbd664e374744f089e9f87b842c3dced13b413f193ed71948dd76d84d43926fc60ebd46050f130fc60ec277008756f69a006031e84c10966b7358c0aa05d675a966a82010d0aaf1ab03606a0ad41dfdf135b68d3dc2ebac5900e03665f3b62f48a656ab7530fc42120b96de6ea35abdcf2662155a9615697b9695c94c18bd30b59cd37a79f69c7c074cff7175bec9c4d4478d06f6deaeb9e751a4c93ab9568561f217b220c381e678876946c4fb978834cc64073a6c55405b6deefac37048898ef085850086d340d7670fa256ddee9f41903e6cfb32550d7fa6c43426f0dbdbac6aaa3710b8f1575a9af1100b8e8458110d95adcbdb0cc78b30cdd1b235d63dd4de04f865e323dff009f56336adf714fca2e876d2644d763d599da23736c6b34276182b83fb1829a3d86a5a43c8caa75757185c12038bdd7397dff0049fa4904b1c31dd52838a45caa7931620b7354103204bb71c9e7da2c25d0d1a55f2c7d1c60daaca1991616a3181af87d47a5d4748cb2e1ea0aa589b2ad757a84daa15d15e946026a268c1a01a2526cf78ed0377b772e95ee40c17ac6ab8a6d176014bd5728ebe25f29694e54ba5552f563a40a1a44a4daaa1ad4358621e1debbc4d185ec6bbeff00eda521c16ef2a4616e8ae874bf71b09a80c4991c8bf1593c4b68b390b63069d76ef0080510777ebd239875aaa80d8696e1b7b3ac51812e1db6df3c9df11c637adf3166f822625c7e520ecb5a71dca3be470ca1317d54e83d9136447497466193d58353229df58b65ae710641c463b30c91737f4b9a55c9110b2d3e7fe6562e01ecff0008aac5c663eb2bbe7fba10006681d07f728acdfc3ea0773ead85c35f431e918263413aea7c46ef79d60c4bbf337d2302fd06b18f4c615f727e136cef88a42341d5b5fc242deee0f61fa4fd2c0295d98347dcb4b4fb5ad0e18b5f48eaf50564e10f8485ac4d752836145777ac08e4aee557a27c415360576a8a5b1c79221e53cfa1a7a1e80b473120d2c6ce47511229a206c4da2841014e6c2e1b2f369885f4f2e171403e2a0d01dc6750f79772b0cbc3642e8e7b67334eed520aa0290d223911d984ca5577a8c06eeda9c40dbb914b9c9a1d611d611acaff007fec412e03a0193cf1fdcb56cc154d256a09ef2c285968281dbe3b54763a9865dc313b9f1206c37a6a6c393340505815ced7167fe4e8965cfb8ba83905b80a1baa02d404c8b2e455760225889a8888ee230d25cd2988dcaacc6188a3f40d88ec8c24791ac4355f23937ab461c6b2d84d430f30523dd07f33255fc9b4a795f5292030dda0042b49d29fe27ca25277f3499a463194956ce7400f950710c9156e0fa5c13ccd3119a8bc45d64fef07c54797695a642cef543e54a2a6ebfafc7e93f4ba42aca42eb40beea2e19b4e809f9bf69740172afc9c909f00bf211c7d30e206e81f52f6064ee3723a1c418b54303847525e872064bb968f58e61fa1d220a861c6251cd2cc5e650d987994aa325c8db71f372984da537dbe885b7e182c3bb2b2dd9b6f87f1c1e6fb78e70d9da0625e0beeec3ebac769de1ec05abc1cf370f92c530f62e970c767f172f504e54fba654e8f1a2f3502e8aa5f865bd50d572e0d07bebde156fb79ccd145eb15b804d2d6ad675da5d95b0d617a8e83bc6a1613c601ee5f98353589b2aecc95b4d2930995a71341e1a7782d59b30f7b88de6fd2a0b7d7984da9a115757667275b85a726a8f40691364e3d35ef2ab6b9b4fb8c196c0ab44501d41a4dcf781ee3784cddb896b68ea7aad39a8bea18d81ebb34ccab67ca7f32a8f22a7fe30612b26cceff000da2a0cc3f489f2fca388cba97bcb303e60c5f0f69424d09a3d2eb1e86b368c45135563bcc2ff7611f9b84e24b85682d6e61f0277997ef9fd27ea53d45c794fe0cb64583aee36f6116f082455823347d3b9bcb51369806d5f224be35c306953df46e6f471fa16189772ea53c055d4fd7545dd0a3579c2d2b12392452ababbfc98bb6e35ea6b12f507bc52f7a05bd7a875123011aa87b8b07505bc304e7aa64dea9e422b8769a25f1d4994c763cc0f9ad467568b95d92d1514e6983d17943579d29d0752dd7a0ccaf44b323908028860862d19cf7383e95435a84acc8705460d338d4392ac160dd1c4166b70577f882a11cc5c41a2bb1f12e9e9869855b3a7eae843960b3e678d5a43ef36dd3afdfba4bdf281f695345c83ef696e6dad180c6f4c030ecc918e2ad05d882ad1627105933789a45c953b4cdc0d80eb566ecec8d20c809d6d2aaa2906a469801d9309e81446e1f12c86accff009e2069708a5ea4f92400b21ac665b6efbcac2757d4d1d554eb63f71cc632c0ad1cae865f8b99457c12fe1533b4588e9379bcacc3bcdafd103cd89d28bf03084d157e650c14f9181e5080deeabf24a81a057e93f539071ad3fb3ef44304aecfc8203fa50751a60caa02e5da1d5d5f0e65cab7468ee1ba1a4d11869d96c36896be4dd6e56f7e9b7ead7b7586062e70690bd89a3b8039a628b9291631619b382b080aee552f74303c5fdd5f30a04f214742da43f08845a2193c988693ac9063dd2582ca685e0f12fbcbc43994ea80b5c0758702d9756bde22ee3e25e30c031794b59eabc531c01e60020a2d3ac2dcd9bea266c632b405756f6b7ac3b1a7460a0414589b9284000222589c3169008e55b03772c6e926a9a8d7517d87537470cd4eb2880d40268c7b29418cc8add40bb5525097439ba9b9bd1c222fabe9adc28c4a879d6b5b73a5cf416b0e15cdd06557488ec8e4710935d048596b5c214af6ad4403954890901a618e62f9bb9a873102ade33fb40b42e86cddb2f74d5b4ed35c9cebd03f1e8c589dfa43417c5930056034a9789588f58ce6e6909d25f131d5a87506a9f318da018af072be161040ad3bafd2bf51faa96762343e831e9cf6705fc982380d1a21bfbb9551c2f58e037380c969d436e9880a10cc64c1785c966f0edd9fb5160f088f9951f435fd097a84586050cde7874b10b962c457b9cf78156d8d41896e39cc632ba372f9b3b88ce2d79b7c8281c88f7c424526aa9f7adfb8c4e8d5407962a9bb100793116e105745d0b18f6bcba289a29aecb307b21eea0d45bc58ae6323a330e0945ed622c5ea95775317d2d9b5602e4066b4bb9bc348868d99b21e0968366f0d9bbe16f440416b169d13fad9c308692e5e22112088588e113722935472bb7774e5e353d14d974dd8b51762389c4ba237b8b1cb4555f4dc390805b8ed83911dc62dc0b01f64450a54ea9954dc66deead97d897f55777fab37e91f47583a887b0fb0dc2e212fac74952fd59aa625001b056c0fccc6b13938574d37b736c58ec007ea3f50a1667d023f707be4fe457d465841b8e75b8e918cac691b260f2c068791db73ccc803d4cdf7dc6d9d4e21ac654af4efebbc1452438212291b127b818f807629d46630570a51c3ade204f15cec0e0f765215ee2f03b7f689e769422f46fb30b3dab00d80d3d084ed1e3228b0f71006256aae3a4b83897b452ef78ba58456813ed07da860fd0fc2c4c61549d629d1144b17e63f3d358ff588ddb56b85657b1de69b8f99b661a425cd97d794fae6f6732c45b6c135f92e4c919798e34c4d32c5825e2a1beb3a06433eddcfbb3a2c75aacc657a32fd2a33a6a0488abec4b88281c1fa2844d6e1a31285942cb3ab47a5f48b98626f1d0e378ad8ae0cdab2fb4168be26a5ad6ce413ef6c0dc6b5fa8fd42c488221bae0d40b17826be353b7cfd62c66f30e43a392d079f8b983c5669652fa167681f82e7b6dabea5a3a4d269e8b38f5a86b1d612a6d03d1f45d1a5b64a7b0cbebb62f4238a676658ef15ba43632eaee744182fac30e8245e7e9112a6b08ee4c5a36dff274034ceb500082b22363e4f4179901cfe4312c9d7106c2c3a96771ad19446646eb48e6d47e041e2172e108eac77a00d1b61b7b6f09b1056559c7e63671378ec8b886312b103bcd19d38a94eff1772f09cf2fe934e4daa3a4749b45f4630ab94ba6a8cfc07618acdd9ccd8ccc748eb1cb388eb0725255c2cbed72884001e060f822834e4e86bf111716e4cd50f63151d2cbfd47eb675c47a1fb43cc788151d0793da3cc272990e130c60cb2e6c220cd5d1e1d1e95c43cd341a46ab2684f030ec80042f775a89b1bac91254af5de0fa30731efbf4b1435b13743cbdae22b18f4ed07b21e2021883083ce914b76967390bfe6da0e7198da539e953007c45e8d7813b3b4d65ed6c1ca0e69ea69e23ce41371dfa466af3c6bf7295403c8eaec9447b2a80453430f7838f5b83192896b5bcbd5689b9d426a342767456e8c8ee448c19b41a8b78978dfbca63bcf03bf6353733ccb18fab1842567e805abd8966843de30f6cf758fd4daa633c691891623a4aa8eb331486607fc98bca2e38344f79b567c59e21f615a5550e8780434fd47eb7b32cff4da95e63ea38cc50c9f240f4123411f101fa0a80d9d09308f448ab9d6a0baf51b1edd626b110bd4a1929a1a7be93471a72ae815f24210b650ba0b1f1fa1f445323c16555c006f2c880d1d0d0290eab740e2e5857d78a296ec287e8dbd2d7096c084d2f17f184c8a00a286dd25d12ee1d63c6b2d60594ebbc2b48140b4957d47da1653535ddfd432df567d23d9a99b0a00294b017a372f084c0c5763b3497eca45ad609d757c2be234160c3b14dd80869087a128c66010db441e6e5b3bba2c64b22284e44e60e3308692f1358bde1b8fb3486447922ba10e10762e5b9b3d123e8fa2cbf6d54c9e9dcfe0798be262a55f32dda618b5a4efac732aef68c0b75a8f466746769f65f98695c3736f24e647b19084505071c7c7eb3f5b34287cc1a4785f04569428c0a817b52e9b32b2e4ba0ebbc06a725cacaec0af09b27a8d3567406af50f708643af305345a8adcbab1de76bda57ef895efdd45e0be0ff0021e60a18dcf3ad0f68eab04d9810197647d1bf01e63e52a75904a74c0bd836b8736fd147a2bd4d3d3172aba672f7aaf31626cb8b593a6077435c69367a1ae7497bc1b2aa682d6b77598a23ad6bfe2768d2195b0f247d9b22b8e409ee7d10e22fa05b3b1479584f659843bcb2a403b451e3d08692e54da2a09a3aa034ecdb931c4128991e952c8690d1b9d48eb172b1d0d002c71486e261388788919669baeab51dcea333e9bc7d35a0d5681eaa8f9da01a69e69b01d0283b4fa8e21388e33bc66d9813b7a5bc59b1dd5e030f218e10283d8216b1a8e806ecea3268683e690256727eb3f62a2759bc8fc588748ca3a18cf06de202a88ee0ebf98f2a7382dc9d2d5e138888b6422fb4b624aa614002acf896fb3d25cda0a6f06b3bf78344a836350ec998f9610038e1574adb309ccd543cdbb0bda175aac9b5b7456d5510d22c3d0f42a99a6b725380eacc5a6a2d40df36cb5c8518cc4c0d52bb1abeeb6f760980d32886903108665ed7137ac64346f7183de62f3dc66745f729f32a45d98181abfa1fd4fbcb970833282dab1417f612a70b5524b36830cc63bf4ba97ffad481ee3fb4ae298690712989cc61d35889dd673acfb87673125074741a96c3fee8fa22d02d701cc1022422c2c3d634f2778f10e9e97509adc59a9e9acf1326242e77750f1f27a5bab8aa432f115ed2a8d3b1c831e0078874d3f59fb0d950be63e00315bd7dc2907b92a0ddaab62ade062388c934747b6cf4613af390b16ea68f87784231a593b19be4b3c90dacae8ed315707a434f4c56b8806105c62c67b368e458732ba392132b80c07b9f372ff7e3547a62f612a69d6239d0593e606b002d1a072ba132a98becd023d8aed1cd65243b56fc8d9c1a4d18164d2219ad68a28e20d0d1448daaa038a964679293dc48fb4d51357601a5a86e9bd92b1d61086be8278b868921ecb2c491875d2fce7026599d1842fd096030110dd167c3e84200ec9a75560fb542c678976b416ff03073084611597cc0ce1a8959612c2bf09a72c689321f88254bc477305adc9ba90ca25a3a1b01f176e4b1e81417a336ff00f367131bd9133f185ed96e4c14280d0389d5348b884359b3184206b16c9e2351a0f78c10333def2263b99901718e8ba4f07bec70b9707e7f60fd84b2381742e0280f93e4862a8db4d43e5ec88e5aa364c24df0fd574f0de8c26e7695116645bbc75371dcf44888d6f880b5ae3393eecf660edb4df10cbe8075088f1e4e5d3cc40950a01803013171a099cc0ce07b4b3bdf6cdf38f6d22432bd58ee187b2443a56c7f251f66077500a4699439e6ceb05efc103ae4f0511dbfe989aab63fc409d516c5ad1ca0f401bb158bc23ddbfca1a40823316bfd63d8861a76c7af2803596aff000d21dd10ce60badc81bd99779af89d3c0e963923a72b2a2c1353be4848d9fdc7ed8f0c4b84358390db9b52b4e6cbd118857b93b373789d644d471cc3bc20fa2fa54547836cb5137184a91132be7e796e7518e08ed5517445c4e66a8228d4b1d940e8efba8eb13ccd1ca6d5eb2f11658e92fd066f3c45c4eb08b849ce6835f23e47a3630ddd469774118bd38eb257ca5daa0019a65e5fd83f65cd7bb687e05f28e0800604d89d443c9029f1b299876747482ecba63731b4695f69af46201f382dd68cdf104f0829b84d3c967b41144d2ae10639d6bcc533496b34d87e62d60d4e0952f57c7fae5929c91759d56f7953686d8b8b956d49cb70ee6600eb43ca0d7a4c8dd7741ad55c78fb4e893671f0428a652a448196ee330d8590b9c0f883997c73d8ea7c90d78af761509da7808d162b77635b15bb184a620129a074ce33a6d341deac21d837f3091acad06af4b294ef7299006d034180473a305140d02dcaca6b63b70b0e37c5d5afb39f880f13ea5240202c45a7a6cf4588a8c2da0d972fbd2112087ad94fd413c1cc1da5aa660c230d195ac1e4cb1ab391d91a476425e16ed4a3afc0d13c9865ed1a0cc6ed96547a4d4c9304be2a35571798bafa6f0712fee6facb8b186023aa3411171a27b99f337e02354c4477883858d7e039676290358e87821fb07ecb35333418b3e069edd11dc631ba6a3db27dce22d2691aa3092892c1671a4792cf3292341b75ff0019f7975889b253c00a5797e0496ed167acb02eef60ebfd79965f071f88b7c451ef15d2f32f88b9a869771d935b8ee1d4f541686c3756977328e4b95eb008b2fb1515db2c15836c42319a87d29185b8ac1ee2e19df136837264bffb8fc0c7847d78b5fb0df9e901c025dc17b0027522bcb21d05ae8b41d4526a6e0d3661e4955da8307619888a1ad349d8fe7de5a56359afa23a3a66117228dbc780e7372c8e56865521a26c906bd596cb978753477b3215d222fc317ae8ecc5c44c75972e0c597b4021b684a9ee8e372cde0410a5f7f46e1f870c58990d4d7586bd25fb4d150d7696546999210d26d8d7d5d22c7f52fd1a24edf068eaf08c3093706ba01d550f329413266d5d3a2d0741031342e9beefd93f688e2cbfa7f059e480720353457e11f92329ac70a027b435dd72d426a64983844f4b581e6d222f677e8e7fe788e838c4aefabba9fd8f698aa856d99bc0f046bf3f52f388c6bdfd6ee198c7b032be85c670676e82df981a4594d03782d05e3f1bbead7b4a8eb8960a380adf49876aae2886936ce9335ca39b6047dbe462b60ae9c748b28693a3ff00ea9ade4d52273780b82215d8066f3884368a4f7972e5d6931b24409e1812d3b2d1f7177b25d62b690e96b1e18e6a3d262b985b3c25cd990e4dbf759351b25ff806b92d53d4c9e228fa90d65c5f78a9916adf38f3a49e7525e61139d9391323b917290714eb06f11d6c8b8972fde5c59c421d65625d4b8cc2f3e3b3e13e520143c7b0fceef559b300a74128fcc787885749486b4a60f07e3f68fda0a626bb1b418d6ff0d6e0ace0d2ebb072b3dac8301897906a2744cc004d45fb7e0a7896ff002d1d6c9e20199ca761d1cbee2e5bddf9861aa95df7f9b97c189acdbd2ec988692c61b53d173f10c5560fcb9bec20a048b0af89c298f958436d0f0b65e65aeb16e92d20ac2968bbdbebd313415a6ef4972a0ec9b56c1f7d5d05da5b7d356b37f2e6b820669980414ed85a3cae035768aa631227229ba6f574e18dde7587a5ca581045602e9e4eb2a031a168d17cf0758a13734288e977b8864d17989556e37d0a7e2a7c25c3d060cb8fa2e06aa29aebec70baba2c73a299ac35eb1368a0e5b976dbea3d1aed1512caccc6fa6f53044063ceb749ddebdbd15f2d33aa357a16ba1d656ca74f90bcf5555dfa4db4d979777dff0068fdbc68e23a8e43b3098b7036cea747ea3d52dd5bc1d7e8f2ba433c10b38c9eed3cc29dcfbce13c7c9118ca0b4568fb46dbaef6cfd845bc92cd2fc032fba8ae2d9bf49705f40a95c4d832a4d4a7ab957b43b41f33c07cd92d6c00a2f57bd17cd410afc6f4bb5430b9e7495cc2ebac591a67e0f35a1a00439ba2cf848e0b9ae055b919f54075834600180340e084aacdf1ada1db77a10edaa942adbc3e09b0c66014d0c4e1daeaf55d556d94d3b527c0cc2c0de563d9a7922d7a555f61de3540f73a2d7b0cb977e8dad6c949b26e3106fb355f5fea38eb2f0ae340d488142ada5219cd316713372e5dc20d6b2e7795da4612df1b9df4eb34116ca2e86bd98ef2f39d25d4bcc1b7a4423afa3acf7830d5eb347f51677952785d80debb2bca0d98b76757305012a9401aabda3d4702614a72e9700eec4e4ec9aff8a3cf30fda3f6d839951076d75fa3d2568e0e5d0e793679197949dabcf65d4dc6631b4fd0767873d925b978ec06683836ae61ff00a03836d7b1f5325d8ee397e03dfd08bc43ae61b7a1af4830ad170e1ed1a6e4b1e8b6f68343b8679748e5a606b5c8fd8f0c0a2db6f0e62a5fbc73062402ee9c502c35a0ef144ee8730a791dab78d929e6d907ae55eabc7a511000b5740e5888bac0f17f275ed44a27c60a01cab80ef1de8dc32faa8a853847c67e205f78411f67329e7946816b56c55aba453585019464a04a35ce92a8ff001c2f4bd4ea451627b1729dc4f137f432d4d469d947dcb23ad32e30d20d76865cc19bf93760e5e85cc3995a74475befd918e6db69ff003a692e2dd63ac5ce21ae21ac5ad65dc7588973796d934462cf423d3fb1a0739d982f87a207dbbaeeac21470a05d2b361b2784106a103a3375d56ebfe426c1501b1fb67ee1202c751cdc763d8a9a2d57db6e9da2de99b2a0a876d739c9b90fa6a48e71c447daa26eba2c3bc780b7db98d292d63a2ab3c43401682d6d89840b7eeb8f8082ebbfa30c4255efe87a1aa6ef7d1acaac1bb8193e4314ebe736c068e994e588cec879527e3d401492d1d137235d617b42902ea1cfb398a4ababbc71319ab16f574fc9d0eb18ae280375ff543054f872678b0e91aabd0a2f5a6d844629d39f0fda3b627a47b5b3e1843f6464a15a557e22c289c0fce05ca0d97d8956d4560e7a4351daad61a89587cccd16634a0e8d8b481aad544aa8328e61446fc0432fb4546b655f21f9788d2c3c5a3a343c08b7ab2f2c32ea3f104b310a75d63ad474f45e66f0b18d7d06ec6819238bdd5d8195d88c821d09a2bc030363aafa5622cb0b2ccbc44dbce03293560622d2dbf21e3068208d0bf71b07434fdc3f74c1c362676876852b4618d4074dee24d8f1086d4d9f4e3ba0284d2544477a177f319e61c43c1b03003dd23e44afa5608fb411eb29d7881ac1a45a9570c4bb02957bc2e4169bebfd5f0856f2a633957f70c22aa6d6a78c7c88d56555abbae5833aabaccd420eee8ce56a1f3541d5dd755b7cc23447e580e86ac6876d754ef30af31761ec3efb4a3a44147b8154d4528b047b82f97b7a5fea1a634506856e9d03bf7d4eb284f1489997d414069e5abe2ad98a2ee2e7a49f833f1073839f265ec46d45e1d7adcfb5448d5682775ccbb8b88a2ef11867fa838d2984348ebe8e08b172f9219832400183ed0d006eb1c080b566b5fc72eef408eb30988005a3006ead01cb066ab15015074355dece81319e1ea39475d0e99de1fb87ef252d8538aeebf1d61a4342aedee4b0b577a93e435e19d6e67409d7a384347925e57dc20915119a3fc4f038aa6a0a0a90d44d93d332f1e8b05d3d1f7581e2f17f306ba85a761afb45c2d6d21aaf2e748528bad18c0e43b6c466afa703f03cc287a036f7c12855cba64a460a355ac18a74bcf32bfd108b036343037acc85b0f0ea3cd7cc20755b6f9397560dcb7774fe5b3686fc8d081b1090400a1a1a25e8f58b09bfab0f560a35b05bee00fb4cead0a29176a1303756eeef2ef49bebb4d0cfbcd308df0c18b997c45e65db06a0c2e2d3996778a22efc4ef35ed0d639828d00b53a006af04a7a7900c641e66aeda7318e355a0005ab10b5535ad0b9b298385cb86570c2306c1e9a7c378400000aa343f74fde607b59607b3d79f783772fd05c2753e66b80909b169c9420d970dc2b2920a0cd1e9034828501302682edc7768ecc615aa221a89b3300eb2f1369b42e2ed19940d67e3e651b5f478d13b859da1e5cdc57c3a7dd748724911f3cffdd268d10303c10839b9690b59d1ff009229ab01382c7bc914e085f257f0328570ccb45f40bdcb1b2a83450556d552bac711114646ee35bf87cc1c91a113c92fa92fb4d73367a101c5e45374374e3787461744f505d1df3111c1c357197b42ff003d258da9f25e65de2692e0d3988aa95e65ef2ee0d3925353b427881943a6bde5af69bfccbdbd3462b48000aaba072c34a16b807ed1abd866d8e998d166cf11a35b6809c572131ca5e86488aac383ef9d566b95b98b9d1abdd775d57f78fdf046f48e455b1abc84699b222f09bd9856a4a57f81518135e1be8c6ea8559d23929d224548300ed4efc6cdf11becd0d27fb7d207a32efac33d621750e9c06db957f11882b0ee1d7c1bf683e84b01ce202f9a1f9073f03de552f1bc276d780c3c65e63448d05a7361d72aeb28a8ab41ce070e68b94944cd842fcb0cdd634574dd3baf04cb3aa42e9bc9abb74841a6b46f35a3dc9b31c1ff0079b8ff00df685d44e79fafb84c6d48b6d81745db53ac70a64ef0502a25a0da68931d6fc39e6a22b34d90d5dcbf941103417251f0c1dd67f88e917da14544b630d662fa4acbacaeb31c476e60f32c839e0976b28be0847fcc2ca6bd2b4020ac1301a4edb17becd0e65f99705e25f52295d3709d14a6ad860599fdb8184d69d8f9c04bc276a3ab5f83628fdf3f804b5760487706066ffe03bf7d708f0e5f52bc226137ef4c0321bdcfb8fc68e61d3d07256a0b3d07c1a9b44b0790cf20d13fcc788b9d6218b8b77acba5bd253c6ebb0fec20e86fc4e07e581e84178b9cc531edac260ccde6af051e18dc07b470efd0d5625d45fb9ab2ab1b5f6a4033608e002eefa6b0807425414bc8770b8c143a080f632fbcce906c74bcd73d59781ea3b8d5ad8f68949ef43d8d1ef1f9cdb23db12e74233565e3a35492ecc05686165f3bb5a4d1e815c2430bb34f6d7c474b69a855dabe57ea0e2e64c6d2e2a3aed36d6d867137c106ceb1be63e21a4745d65cbef186b2e87a713423e60371340e5816f44ab01d49d3ab57a189811016704af41c8557457e4ef90a331dbadc95a6bc06efb476050414f11c0d8fcff00fe0ece42024bc523957b36dc1fb6168940dd5deb66f4470e913a64834072fcea3e5073625348ecc35888d7d06bda27e1de204c6540701ff0083b71129e1979ce9304685b956e521df07d5799965a1ee2fe9f88621e85a43ad5ac511c5b4576ade2a186acb5bd2961d33de5aa114342cb00721bf2eb05dd58aec2f793fd315cd149c047dac7998a5583726c071cbb40e6fd0d0ac006c12fcf586b601af76bf32c2c718ab953782d5e36ca3d76a0d100ac20d83839d58690eb1355721b278f6a7bb07e2a1ea1fe7de6c65b97a74e22e2f3353106fef3119ab6eb37c45ce90c375709a0e60e5389da0ce21a4dea43b07c0f292f9c516d06eff00060da64c1c0b614072bb13530111175dfa3aeea3136981b00ddb639f1c109cd55956f80ec7973fc13f84e2343d88ed2c96782323a2fc1a36ca95bd065cd8dbdbfce91575671678ff00c4edc0e0da9351e95e9d181b88eb0c1535564ef6bdde18821d0115c23a319a3009611b0e94cbc8c3f02a3ea1941aabbcba8a0060655dc4c9c2759aacd3090082708efde3a9a904b84f6c20329aae3826364160c380d03a7aa952eea5266dad2a20c50007bfe1d4e6e3a7a54cdd09f11f29ee00c3111f0cd1b05c4c15fe337e2bebd03783d1713e660df0c34e9ccbaed2c1b9aab6a8b9c7cc3ccbf40e3de059052a005578032bd212c203b57f2347465bd42ae1480f00d08a05c2125839d806aaf042d69a0b70eaeef4d0eac2f8f77dc9b63a6abd63812821c9c741b1f9fe11fc331aa816075137258edd485c8d4fbb66cc075d4d559c81d13a9f88624555d21bfaf94ebb16f256072309acc13b47c7a0d0f47c314aa69797a3cfa785cdf4f78d1b44afdd30f2afaf042a83e841942f0c1101e9eac9f705d50bd3265a12e42d1dddde842d720ee9a2635c7339e92b91845a3e5e0f9808ff001ab798c4f9ab51dce5f10a08e944fb5a4cefd8bb971399ee84346ea17c205a06ab52bd023545a2dd2efda15c0687018198221c0e9e238635e9860e4217a8cefa4acef1de88b3cc2712af42e5584b07eef7771ed0436ac103b343f3d7d14ad74de2865c3ab1cad3a8e5d865fb08d711750fb5cbf1324801af90f807d4b9015aaf20ddf836fe19fc44b2a5f64d62ccba06e75345e165ba1abef7cab4db50bacb7d0d6b3baf5eb18771d60807bae77f71d4b25368952d8400e82c384709de3c55b5bacead7e67696ece1d67021819d48581a25dd57e89940f43d0ce23ad2cd1dd57f72fe485a3c1f0f0799e22a32f02f41a9dd5aed323033a67cce2f4e759ab77368b8af4bcc303143c5dbb15ed13ab2cb226811f981635030e65bfed235f7427958b6e736cc19c450d5899976625a41d13454e51ad23dcdc4c817b102ee406073a03bb073c50644f73b4a3bc0eac0403803012c3785dc16a680eac7017c21af70cf7638188fc45a91caddff623451680a2faf53c5eb0dead1283fb7ab97f887f1523b579913aaf62cd716e5398a4e66a3f5f4c6fc646611df66dba176ece1eb064351438fcee8c768601174f36430cb37d7d0733b170165ef7f0456372bad07e58eb34977065c72aa6d8a556875e3aca758d85f701b3b0778b7a146c7040b28b5daa35c92b426c0ed779e810000000000280363a4aa831f40cc15859d10a87c2cd51032d82a02fb695c04f4ad9d69469d49e0ffb032660f49ab69c412daabccd630d7f101bc7c40c67d07c03cb1d074ce11f6781e66947038eef2f56d838008957b4bab09742c755c0eb14ae31abbd797d5c704b09eceb78a3fd50238a257f9fe9a1d6080280d036fe29fc7a820020ea32adc149283b639e9b2d237e61897af8804b3126d4cbcb5bbfc33474cd59edf634f48d0f7611787c1b963cacc37ffb62a57a542549d790d29f0842f6b251e41057ce8bc38b844c8af639026762d0a9f7025557bb150c7a12e2c75297a115fe47dfb254aaeda05b1dadb79aab9412052163d184bbfc696be89437e1eebf10839af4530313a43bc18e0b6836b759cb9205392f2f8233d5845e07dc49a50e0e7e09786f48f695849a354e00caf420065f61167574f9b072fc456d72de577802c2d6ac6e0dfae0c72ca928c33fcdb3a28ef028fe31fc8a26800df10688f0d7a2399490da749a09ce66adf4a6760001eb2303ac287c15543fd9a9d217ad59a9648dd4a508e0c4b2fded4033f2b26324446984a8c23cb94ad3d854d8f4840700cb2d1d169bfa2f025cb47c043c212545c4028867d197165dc148b353773beba4bad63005916ff01f932cf29078bcfe6377386b137e9015c112d5a22b5e0ccb23bb87e43e0838e4671c7a3f888e2b8c4274b8b3662f314aaaaf2c5f459e3d16ade0355e84649d76b49d367f951260be4e1df63a1298ad65081dce81d51302c697f616bdb8e860b3500a00d00d8fe41fca36014523bc509d93ff0005de45d1859deca6aec867c1dcc26953a60d393612a44cb0f78d0fa5a1c41ed9f553c2f6c53095eb1f20c27660553897e8bf0213a3e25ff8f4101a6a354d27c8a4ed2ea0cb8be8681d18da921cd343d84be7d36e4bc29fd47b8214b2d456d015257a23bd082f093141a6d22cbd2ee2a9b1cdb47941f115069b6f17b04574cb6ddf3ab1d5c41c04001556a1cb6983c90067ad0a41754a98b73b4239429665d8a81cd689cc6e5dbaab8b670b1c7bf58f2a99419da8f7a46af6696a9c2f3ed4451056f789f963afeb00574d1ecb3d48619e68ab72b55d5bfe51fcc74301c0764709176e667faa6fbd764d0b23dd243de0ebbca7e0c5d2e7530f989f7eca3b9057b4aeb2719f7aaaaec0952356057d347c8c5c65b328895d6243d47f454ac70accef547cb0e929f6b10cc402e0d98d52c057f4c5799619a38c69f60d5118b49a8891701774b4a564c77219197b9849ada1b02ae50bda422139ae60aa44523b964322fc80f055921d52f8a689500c2a83b25538ec37dccc6802d970de5a80c5b17488052d098653c86896850b41ab5bb4808102b2c5ddf722b53608f8c7bdcb489d39d5d3c9950ca0dab59ad13ddde3ad610df5532f96057f2cfe7011c4ca825b8ba5f3936b22acb82afc6c5cb9bc3bd3a9647b402a1a9ac704bc3aed2b0dacfdbb0df684b420073e52d3da200c2d7203ee2581e82f6d65613ea12ad4f4095ccd23d20c8a10178b5fc113238c40c41757837629cce5f500ff000c4ea1a39bc44910ada8821601058ba0dc64c55849c369a31c56bd53165b54b4a971c2b0396e042e304b00c8eddc74810ff3ded0175cdae7560c1966ff00e11f2a29e6c22f7d4f959821b5e4edab3945f7474a5bda0a0cd9a3a21f233466007d83f9c7ff0002a6b002227848c337347ae07a1500763dc4ef61ef065c233bff00a98911fd5069d9a6fdc85295d72cff0070f3a347ecd9094ffc92c7d4b74bd6a0fc2fdc4c74a0c7917e21c6c71f2c5914418ba54f96b12931d8c8fb91662a19d95f302aa4dedcc032b68fbb8ce5829a0994019ad33166dd58682d59d6e1582b4f722ff89ad33021fb7e586a87ada4af6be2345dd4017e2457baaf59f2b98cb78e3db22e2c22c233ecbf84ba43fed95af89448affd85b2bff807ff001108898768dd31ba77738fe5185c56003e15f64881107d9e63e259823fe4af965237417b296c0a3667d82605976cbf981841e960c29b66b0891d617824c858bcd20901fb07ccb6cbb3b05f0c33ff00a11ca47c77807dc7b436e9f55f6fcd12397f8f6557b47122ff00bc3f485cff00687d8947ff000cff00e3d4419519f0d1a7cc110b75fca12c0bcbfe135d3ecfd2741edfd916d5eedfb60f7bbbfb23e2e9bff4a7fb3138214e7de51c12bff8e7ff009c3ffce1ff00e70fff003869ff00e73fffd9, 'admin');
INSERT INTO `utilisateur` (`id`, `nom`, `email`, `telephone`, `historique_emprunts`, `password`, `profile_picture`, `role`) VALUES
(2, 'editeur1', 'editeur2', NULL, NULL, NULL, NULL, 'member'),
(4, 'amen ameri', 'esta3969d@gmail.com', '2163547758', NULL, 'root', NULL, 'member'),
(5, 'test ameri', 'test@gmail.com', '22663409', NULL, 'root', NULL, 'member'),
(6, 'amen ameri', 'testroot@gmail.com', '22663409', NULL, 'testroot', NULL, 'member'),
(7, 'amen ameri', 'esta3969v@gmail.com', '22663409', NULL, 'root', NULL, 'member'),
(8, 'amen ameri', 'esta39ss69@gmail.com', '22663409', NULL, 'root', NULL, 'member'),
(9, 'amen ameri', 'esta3333@dmcd.cdom', '22334455', NULL, 'mr.redd88', NULL, 'member'),
(10, 'amen ameri', 'estccsa3969d@gmail.com', '22663409', NULL, 'sdcsdcsdcsc', NULL, 'member'),
(11, 'amen ameri', 'sdccdscsdc@dcsc', '22663409', NULL, 'sdcscscds', NULL, 'member'),
(12, 'amen ameri', '22663409@dc.cd', '22663409', NULL, 'dscdc', NULL, 'member'),
(13, 'lihom', 'lina@lihom.com', 'lina', NULL, 'root', NULL, 'member');

--
-- Contraintes pour les tables déchargées
--

--
-- Contraintes pour la table `emprunt`
--
ALTER TABLE `emprunt`
  ADD CONSTRAINT `emprunt_ibfk_1` FOREIGN KEY (`livre_id`) REFERENCES `livre` (`id`) ON DELETE CASCADE,
  ADD CONSTRAINT `emprunt_ibfk_2` FOREIGN KEY (`utilisateur_id`) REFERENCES `utilisateur` (`id`) ON DELETE CASCADE;

--
-- Contraintes pour la table `livre`
--
ALTER TABLE `livre`
  ADD CONSTRAINT `livre_ibfk_1` FOREIGN KEY (`auteur_id`) REFERENCES `auteur` (`id`) ON DELETE SET NULL,
  ADD CONSTRAINT `livre_ibfk_2` FOREIGN KEY (`genre_id`) REFERENCES `genre` (`id`) ON DELETE SET NULL;
COMMIT;

/*!40101 SET CHARACTER_SET_CLIENT=@OLD_CHARACTER_SET_CLIENT */;
/*!40101 SET CHARACTER_SET_RESULTS=@OLD_CHARACTER_SET_RESULTS */;
/*!40101 SET COLLATION_CONNECTION=@OLD_COLLATION_CONNECTION */;
